;pmRApmDEcor;PlxpmRAcor;PlxpmDEcor;Nper;RA_ICRS;e_RA_ICRS;DE_ICRS;e_DE_ICRS;Source;Plx;e_Plx;pmRA;e_pmRA;pmDE;e_pmDE;RUWE;Gmag;e_Gmag;BPmag;e_BPmag;RPmag;e_RPmag;BPRP;RVDR2;e_RVDR2;EBPRP;RFG;RFBP;RFRP;Pmemb;mass;er_mass;comp_mass;er_comp_mass
0;-0.2762;0.2411;0.1321;16;83.04777144026;0.1321;42.16033145479;0.1094;194659497088359552;1.6635;0.1548;-4.256;0.171;-1.55;0.128;1.122;17.860748;0.003352;19.144655;0.039134;16.710758;0.007631;2.433897;;;1.436;568.737;27.815;152.861;0.97;0.45321496672452566;0.013475926583940184;0.2872074807358431;0.05393481430485727
1;0.0268;0.1939;0.2638;16;83.15366767126;0.0147;42.23520529792;0.0123;194661288091811328;2.0176;0.0178;-3.925;0.019;-1.684;0.016;1.027;13.871385;0.002867;14.284578;0.00387;13.290219;0.003478;0.994359;;;1.215;1372.638;404.794;522.839;1.0;0.9624290845204448;0.0006958994703594714;0.0;0.05060607053539166
2;-0.5963;0.06;0.1448;13;83.19025596706;0.1379;42.07802390905;0.1074;194646788282515968;1.8552;0.1529;-4.015;0.237;-1.666;0.188;0.994;17.989599;0.003562;19.167408;0.035666;16.614201;0.00773;2.553207;;;1.739;481.118;30.536;150.621;1.0;0.43463002312377647;0.015508095452467233;0.34013692222302183;0.03736626749646687
3;-0.0063;0.1737;0.2398;17;83.1509017983;0.0363;42.25563784058;0.0311;194664307451936896;1.9364;0.044;-4.132;0.046;-1.637;0.039;1.505;15.20474;0.003133;15.959622;0.006149;14.342658;0.004169;1.616964;;;1.293;728.123;198.145;350.56;1.0;0.7013515316755504;0.01397497610265865;0.6426846734779403;0.02352987287467022
4;-0.4062;0.3152;0.0359;16;83.02398716151;0.0248;42.05544122134;0.0197;194646341605664256;2.0485;0.0271;-3.793;0.034;-1.815;0.024;0.917;14.458415;0.002824;14.939873;0.004153;13.819998;0.003214;1.119875;;;1.223;1750.022;353.01;680.286;1.0;0.8634204540281065;0.0005629793936191576;0.0;0.0
5;-0.0423;0.2016;0.2432;17;83.22355439678;0.0175;42.27844643549;0.0147;194661872207334528;2.0029;0.0211;-4.016;0.022;-1.687;0.018;0.978;14.373938;0.002833;14.84446;0.004578;13.738993;0.003427;1.105468;;;1.226;1646.08;299.136;545.855;1.0;0.8764117396922145;0.0005838682699019131;0.0;0.02530943709797832
6;-0.5156;0.0569;0.0745;14;83.1616044866;0.1167;42.00821430149;0.0846;194643348011096320;2.0076;0.1081;-4.166;0.153;-1.681;0.118;0.971;17.590141;0.003181;18.749229;0.023729;16.526119;0.007235;2.22311;;;1.371;683.088;46.075;162.642;1.0;0.5046662369536279;0.001282663336380846;0.0;0.025113602600095937
7;0.0015;0.0702;0.0456;16;83.30679541725;0.0473;42.06794264609;0.0383;194649086087473280;1.9998;0.0532;-3.718;0.062;-1.59;0.048;1.021;16.344574;0.003239;17.327318;0.012012;15.364044;0.006298;1.963274;;;1.332;637.668;92.926;192.291;1.0;0.6115007072859736;0.006508661793801402;0.46477979731627783;0.02407415429043901
8;-0.241;0.1905;0.2533;15;82.94554165171;0.0205;42.05842972699;0.0178;194657882180364544;1.9683;0.0238;-3.971;0.025;-1.697;0.02;1.054;11.025686;0.002779;11.143652;0.002883;10.80553;0.002819;0.338122;;;1.166;2976.259;1499.252;2693.217;1.0;1.7045177470720196;0.010511252829657473;0.8954677455482001;0.07484186957421982
9;-0.2014;0.2983;0.1613;17;83.2762248866;0.0212;42.30728501228;0.0173;194667713362828800;1.9726;0.025;-3.928;0.028;-1.545;0.021;1.178;10.862169;0.002777;10.949513;0.002899;10.694011;0.00282;0.255503;;;1.161;3166.941;1382.549;2641.906;1.0;1.8036431311517669;0.008503957962838503;0.4458868850156651;0.38627892353147136
10;0.015;0.0773;0.0963;16;83.36492477599;0.0204;42.04939056733;0.0168;194461245694646912;2.05;0.0234;-4.048;0.026;-1.473;0.021;1.425;11.542374;0.002781;11.786963;0.003003;11.138928;0.002864;0.648035;;;1.189;2867.834;977.801;1684.195;1.0;1.3916352394717364;0.02614954797555767;1.18953428653412;0.039997257489316464
11;-0.1017;0.0363;0.1145;16;83.4156719912;0.1618;42.08852218183;0.1285;194649326605671936;1.8605;0.1804;-3.678;0.212;-1.291;0.167;0.999;18.394838;0.003792;19.455061;0.056215;17.085604;0.01134;2.369457;;;1.679;416.715;19.338;98.784;0.95;0.43670367415009836;0.0038511132171565074;0.0;0.01808615259191462
12;-0.2818;0.1489;0.023;15;83.04200275492;0.0215;41.93548318708;0.0169;194641668681523328;2.0054;0.0218;-3.855;0.026;-1.471;0.02;1.002;14.439533;0.002981;14.920206;0.005128;13.796137;0.00442;1.124069;;;1.227;954.421;252.343;316.726;1.0;0.866478263792837;0.0005906506258366302;0.0;0.0
13;-0.0863;0.1028;0.0415;17;83.45523445008;0.0647;42.11801793227;0.052;194649468342077952;2.022;0.0696;-3.768;0.083;-1.677;0.064;0.962;16.949736;0.003116;17.976048;0.020611;15.964179;0.006826;2.011868;;;1.325;746.11;53.167;174.286;1.0;0.5763673425967037;0.0012799509132910055;0.0;0.04113137348426617
14;-0.1451;0.0533;0.069;16;83.25114449105;0.0133;41.92616895105;0.0106;194453957134786176;2.0017;0.0144;-4.066;0.016;-1.648;0.013;1.026;12.493447;0.002768;12.780202;0.002987;12.046568;0.002866;0.733634;-0.16;14.12;1.192;4158.617;1019.344;1658.49;1.0;1.2503056094322118;0.0035367775278862383;0.23458663549544606;0.2899436717282806
15;-0.0156;0.1071;0.0512;16;83.40687014381;0.1955;42.00967365353;0.1558;194460485485677440;2.1514;0.2105;-3.912;0.237;-1.854;0.194;0.992;18.715797;0.003626;20.252094;0.087631;17.52153;0.014914;2.730564;;;1.441;460.683;12.396;74.107;0.99;0.3454254562079921;0.020042059855765758;0.2186603417019985;0.07399731301716167
16;-0.1041;0.1023;0.0412;16;82.98629115995;0.1433;42.38363090681;0.1142;194715331667152512;2.1077;0.1564;-4.119;0.178;-1.888;0.137;1.089;18.134586;0.003418;19.524561;0.071489;16.988277;0.019254;2.536283;;;1.411;536.976;15.199;56.991;0.99;0.4142698409689901;0.017785980294387965;0.2813745335195505;0.046028027633291314
17;-0.1561;0.2405;0.1856;17;83.39333943175;0.0418;42.32478684414;0.034;194667296749360000;1.8992;0.049;-4.156;0.053;-1.853;0.04;1.484;15.381433;0.003012;16.02944;0.005174;14.58631;0.004312;1.44313;;;1.275;891.496;249.15;330.306;1.0;0.7357073824386027;0.0024401095473315587;0.0;0.17868625444368502
18;-0.2056;0.1418;0.2133;16;83.31091012608;0.1816;42.37995013702;0.1458;194671145040204928;1.9686;0.2094;-3.997;0.231;-1.594;0.184;0.978;18.826553;0.003764;20.368586;0.117703;17.559271;0.025727;2.809315;;;1.528;423.349;9.227;42.453;1.0;0.33301743486454066;0.012640416263203464;0.2293905988612258;0.03590548688958514
19;0.1166;0.1318;0.1928;17;83.23151401618;0.0137;42.40505021327;0.0114;194713235718861440;1.9892;0.0158;-3.94;0.017;-1.65;0.014;1.009;11.972643;0.002767;12.212466;0.002849;11.579471;0.002856;0.632996;-9.22;2.44;1.186;4326.443;1891.173;1777.064;1.0;1.3855891370861213;0.0066709329848622925;0.47294615781153465;0.31192015187964056
20;-0.1328;0.2702;0.2257;17;83.39695894721;0.0583;42.3278295558;0.0486;194667301045930240;2.2357;0.0704;-3.339;0.074;-1.32;0.055;4.753;12.400119;0.002766;12.685949;0.002879;11.950055;0.002847;0.735894;-7.75;7.92;1.195;4384.854;1533.231;1914.901;0.51;1.2633587079772932;0.007652300355981172;0.6453996853905154;0.18486217898836343
21;-0.2707;0.1929;0.172;16;82.80225165636;0.0951;42.03929947039;0.0779;194567412989255040;1.699;0.1085;-3.73;0.119;-1.785;0.093;0.911;17.472416;0.003445;18.640327;0.041703;16.422153;0.008613;2.218174;;;1.355;525.134;26.094;133.241;0.93;0.5144402906315895;0.003466599254528016;0.0;0.07972372017500011
22;-0.2821;0.1546;0.1909;15;82.80192799617;0.0401;42.03529790074;0.0326;194567417288056320;1.9314;0.0462;-3.991;0.05;-1.758;0.04;1.372;10.019024;0.002824;10.099213;0.002912;9.85625;0.002957;0.242963;;;1.163;1756.78;1304.437;1109.588;1.0;2.0763419804905685;0.04124109239629326;1.609783330766958;0.055217578807419336
23;-0.0653;0.3834;0.2588;16;83.38155561855;0.0366;42.36928638464;0.0316;194668400558558080;2.0344;0.0489;-4.203;0.049;-1.733;0.036;1.679;10.484936;0.002783;10.64453;0.002868;10.205913;0.002806;0.438618;;;1.17;2778.638;1640.207;3684.531;1.0;1.6779218122420483;0.02706914041125925;1.6011863397386705;0.029066596112987963
24;-0.2931;0.1313;0.2386;15;82.84003549918;0.0698;41.97918520032;0.0593;194563427259442176;2.0585;0.0809;-4.0;0.087;-1.831;0.068;1.05;16.823376;0.002992;17.787977;0.013122;15.846035;0.00576;1.941942;;;1.334;931.372;84.68;215.466;1.0;0.5915262954709859;0.000647963111336373;0.0;0.0
25;-0.124;0.2638;0.1231;16;82.76157525672;0.0242;42.09368456441;0.019;194568753020537856;1.9645;0.0279;-3.883;0.031;-1.619;0.023;1.014;14.582541;0.002794;15.111018;0.003583;13.901711;0.003165;1.209308;;;1.234;2329.236;483.031;726.541;1.0;0.8405832832383352;0.003362242800006373;0.28904875999954893;0.2035910716637092
26;0.0264;-0.1011;-0.0809;14;83.39868198784;0.0123;41.93709365134;0.01;194456946432023808;2.012;0.0137;-3.948;0.017;-1.653;0.013;1.007;12.45409;0.002779;12.742264;0.002915;12.005541;0.002869;0.736723;-14.75;11.66;1.192;3029.053;1288.871;1620.691;1.0;1.2558421618778637;0.005863050335147862;0.47070685502464626;0.28210355151391164
27;-0.2876;0.2472;-0.0995;15;82.87291511278;0.1172;42.37921004525;0.0883;194622251133532800;2.1863;0.1181;-4.124;0.15;-1.639;0.112;0.958;17.841042;0.003189;19.117136;0.031837;16.730679;0.007193;2.386457;;;1.394;676.178;34.234;163.758;0.99;0.46903238990245927;0.011312757777680461;0.0;0.1217406719252536
28;-0.1529;0.0722;0.0401;16;83.31200207223;0.0142;41.8888073896;0.0111;194456602834641664;1.9927;0.015;-3.827;0.017;-1.695;0.013;1.011;13.373832;0.002838;13.735035;0.003513;12.844533;0.00318;0.890502;;;1.205;1594.83;508.63;712.131;1.0;1.0564035917135919;0.0006512063578138229;0.0;0.08182035287720772
29;-0.107;0.0387;0.1635;16;83.34468119036;0.2528;41.88553893252;0.1922;194456366608894336;1.9386;0.2699;-3.615;0.297;-1.984;0.241;0.989;18.89547;0.004678;20.470562;0.123415;17.685371;0.025535;2.785191;;;1.453;287.2;8.8;42.776;0.97;0.33582947818339;0.017682959989963807;0.0;0.08679190151832929
30;-0.1658;0.1074;0.2501;16;82.74103766646;0.1456;42.03760220586;0.1157;194566244758144768;1.8331;0.1706;-3.878;0.173;-1.781;0.131;1.03;18.089241;0.003272;19.52154;0.060595;16.960041;0.011844;2.561499;;;1.385;615.198;17.937;94.323;0.99;0.4128449407532878;0.017064082591764437;0.2998113631856357;0.042583908522462105
31;-0.2377;0.1291;0.2025;16;83.38470178549;0.1566;42.41364718859;0.1195;194671492933984896;1.8364;0.179;-3.826;0.204;-1.823;0.145;1.044;18.308395;0.003488;19.770376;0.088007;17.153469;0.00952;2.616907;;;1.408;507.778;12.343;119.284;0.99;0.38629054759588655;0.01854729069732213;0.2817868795529461;0.04140217222549619
32;-0.1417;0.0873;0.1107;17;83.27393319176;0.0361;41.85514600038;0.0282;194450491096608000;1.8852;0.0388;-3.567;0.043;-1.422;0.035;0.98;15.62089;0.003203;16.27063;0.008217;14.838309;0.00522;1.432321;;;1.264;665.152;140.479;246.078;0.85;0.711767706342766;0.0006754412402981912;0.0;0.0
33;-0.2291;0.123;0.0497;16;83.27140308062;0.025;41.85422709469;0.0202;194450486801213696;1.9216;0.0266;-3.532;0.031;-1.636;0.025;1.792;13.400167;0.002815;13.771217;0.003522;12.856874;0.003261;0.914344;;;1.21;1879.4;505.095;643.029;0.98;1.0491140263266427;0.0029566906285996915;0.22262458355361567;0.2482300039571552
34;-0.2167;0.1386;0.2601;16;82.82588199804;0.1723;41.93016457257;0.1511;194551366991107200;1.8065;0.2139;-4.128;0.212;-2.109;0.164;1.004;18.538448;0.003499;20.007122;0.110855;17.368662;0.013628;2.63846;;;1.424;503.302;9.797;81.395;0.94;0.36894620711969395;0.024416845354258;0.2153912000753849;0.09747683028342542
35;-0.3798;-0.0546;0.1776;15;83.03133587291;0.0272;41.82737415682;0.022;194452346522537088;1.9208;0.0293;-3.87;0.034;-1.655;0.025;0.964;14.889569;0.002863;15.443806;0.004632;14.190632;0.003623;1.253174;;;1.237;1398.323;293.647;469.798;1.0;0.8004669121351594;0.0005457094596842638;0.0;0.0325793683287181
36;-0.1978;0.1594;0.1704;17;83.27135414422;0.0777;42.47820550903;0.0658;194719493485475328;1.9506;0.0922;-3.531;0.112;-1.723;0.086;0.993;17.377575;0.003238;18.409248;0.026346;16.258877;0.012016;2.150372;;;1.46;638.014;41.443;92.898;0.99;0.5301586468518247;0.0013035845489595412;0.0;0.029927594402609586
37;-0.1648;0.185;0.2305;17;83.46533637307;0.0462;42.40757968657;0.0381;194669843666525824;1.8914;0.0559;-3.992;0.065;-1.662;0.045;1.033;16.41696;0.003128;17.208469;0.009708;15.30006;0.006373;1.908409;;;1.527;733.756;116.771;189.486;1.0;0.6282057934306692;0.004176215209655955;0.38397010432827444;0.044388403141296384
38;-0.2762;0.2704;0.1675;17;83.4251781322;0.0567;42.43631355376;0.0492;194673000465230336;2.1576;0.0726;-3.711;0.08;-1.749;0.057;4.332;12.370974;0.002851;12.470339;0.00515;11.671329;0.006642;0.799009;17.51;7.9;1.464;1484.294;250.792;180.138;1.0;1.1958855021109631;0.02888716071623413;1.0665071339537684;0.04395497842049616
39;-0.1606;0.0974;0.1715;16;82.88367374997;0.2508;41.85317925167;0.2168;194547381261179392;1.8135;0.3215;-3.715;0.308;-1.943;0.222;1.033;18.942432;0.004014;20.22901;0.095205;17.708096;0.022994;2.520914;;;1.534;371.982;11.409;47.57;0.98;0.36256915087490826;0.010793590237882268;0.0;0.05698772163838352
40;-0.1308;0.0165;0.0632;17;83.54420649694;0.0317;42.36496173258;0.0262;194657371081859456;2.0547;0.0356;-4.118;0.045;-1.616;0.032;1.07;15.6679;0.003083;16.371033;0.006823;14.846156;0.005384;1.524877;;;1.277;785.207;174.38;235.819;1.0;0.7054413901949543;0.0009973477849337094;0.0;0.0855393050059328
41;-0.2588;0.2989;0.2133;14;83.41852888973;0.1119;41.84586071989;0.0967;194443958451182720;1.772;0.141;-3.852;0.153;-2.072;0.123;1.252;17.156845;0.00374;18.245461;0.036352;16.09124;0.00609;2.154221;;;1.389;429.225;29.956;200.581;0.98;0.5372328796974921;0.0052746940788806354;0.2881436590428637;0.051498261551631896
42;-0.2649;0.202;0.0847;16;83.35102675333;0.1026;41.81440361968;0.0821;194443443055056384;1.875;0.1059;-3.964;0.122;-1.689;0.098;1.101;17.403034;0.003061;18.684149;0.030405;16.264309;0.005415;2.41984;;;1.424;814.957;35.861;233.975;1.0;0.4706989261158088;0.011027697001843279;0.42089039523549693;0.0204241421168536
43;-0.0784;0.2593;0.1989;16;83.49921609719;0.2014;41.88716691327;0.1679;194445401560284800;1.9475;0.2486;-3.689;0.269;-1.405;0.199;1.061;18.672987;0.003846;20.125418;0.082171;17.464464;0.021277;2.660954;;;1.472;404.646;13.221;51.474;0.99;0.3563364713178298;0.024094861631051814;0.0;0.09950392424852124
44;-0.2842;0.1447;0.0907;16;82.9280801945;0.121;42.50549762644;0.092;194729212998409600;2.039;0.1326;-4.185;0.169;-1.441;0.119;0.905;18.047215;0.003212;19.368372;0.047958;16.918003;0.008885;2.450369;;;1.406;657.945;22.678;128.713;1.0;0.4462289515432181;0.015322332983934447;0.0;0.12817210874577106
45;-0.239;0.0611;0.1312;17;82.61485695224;0.1784;42.15779209136;0.1325;194618162324365312;2.1054;0.1899;-3.438;0.216;-1.738;0.158;1.164;18.372995;0.004247;19.784975;0.081199;17.130684;0.017116;2.654291;;;1.519;335.941;13.379;64.293;0.98;0.3751137466340896;0.017573633402772224;0.2972795135971226;0.035620904417813244
46;-0.1674;0.1376;0.3175;16;82.77279049713;0.0169;41.87305799357;0.0143;194549477205306496;2.0729;0.0217;-4.116;0.021;-1.739;0.017;1.081;12.77661;0.002771;13.095023;0.002874;12.294281;0.002866;0.800742;-17.86;6.39;1.197;3652.927;1579.98;1657.299;1.0;1.1776976149491938;0.005644284946512085;0.4739113965919015;0.25959799704779996
47;-0.3909;0.2706;0.0903;15;83.44289750265;0.0916;41.8378965872;0.0761;194443722228120704;1.8082;0.1029;-3.916;0.124;-1.6;0.096;1.248;17.013773;0.002999;18.163452;0.022766;15.923007;0.006638;2.240445;;;1.401;916.832;48.054;180.251;0.99;0.5184059960111932;0.011909835767113457;0.4437062276459205;0.024462082865836853
48;-0.3715;0.3167;0.0199;15;82.66488435039;0.0848;42.34650421667;0.0604;194632906948142592;1.8481;0.0885;-3.882;0.11;-1.679;0.073;1.024;17.011061;0.003094;18.062662;0.014819;16.017286;0.005328;2.045376;;;1.327;771.776;74.603;239.197;1.0;0.5680205819395279;0.002597158717883052;0.0;0.0769472271892763
49;-0.2467;0.0388;0.2245;16;82.99927872564;0.0222;41.76976643101;0.0169;194358097760185088;1.9963;0.0257;-3.803;0.027;-1.685;0.019;1.053;14.423088;0.002821;14.898745;0.004315;13.758823;0.003086;1.139921;;;1.244;1799.016;329.816;822.814;1.0;0.8698401066904556;0.0009019801455013848;0.0;0.09783054862883442
50;-0.323;0.2696;0.016;15;83.28394976211;0.1435;41.76150516029;0.1195;194437430098695040;1.9963;0.1561;-4.045;0.172;-1.98;0.141;1.432;17.517109;0.00394;18.887718;0.027554;16.299355;0.008283;2.588364;;;1.497;385.559;39.607;139.211;0.99;0.45498224726686076;0.009994422055442856;0.41796418508517413;0.016439994627485154
51;-0.2204;0.0352;0.209;16;83.06122892221;0.0546;41.74087302459;0.0411;194450937773284480;1.9765;0.0629;-4.106;0.065;-1.927;0.05;3.093;13.837888;0.002973;14.257026;0.004799;13.229061;0.003789;1.027965;;;1.23;973.256;278.113;423.487;0.99;0.9642672890834335;0.004269200770407742;0.38746782560818555;0.2201529295974283
52;-0.002;0.1941;0.2091;16;83.58037239078;0.0215;41.89720462274;0.018;194445062257874048;1.9702;0.0259;-3.717;0.028;-1.764;0.021;1.065;14.799758;0.00281;15.347429;0.003382;14.103254;0.00316;1.244175;;;1.237;1975.446;568.337;731.668;1.0;0.8128664700169184;0.001069349862962601;0.0;0.11345616517268522
53;-0.1975;0.3289;0.1159;16;83.31512302441;0.0698;41.7531496895;0.0574;194437193877880320;2.1227;0.0816;-3.888;0.088;-1.735;0.067;0.93;16.858948;0.003095;17.86857;0.019689;15.866897;0.00566;2.001674;;;1.336;770.066;55.705;220.468;1.0;0.5853712277971668;0.0034030501632758693;0.0;0.11248844431374809
54;-0.2979;0.1421;0.2042;16;82.6690519788;0.0391;42.43858616392;0.0315;194636583439907968;2.0555;0.045;-3.718;0.048;-1.499;0.035;1.01;15.821324;0.002807;16.546978;0.005029;14.993881;0.004186;1.553097;;;1.274;2023.332;259.474;347.885;1.0;0.6899123608099288;0.0004526927808274636;0.0;0.014106735979665906
55;-0.3516;0.0321;0.1735;16;83.12152134463;0.0281;41.70906201047;0.0207;194447669300648576;1.947;0.0297;-3.628;0.035;-1.654;0.026;0.98;14.789839;0.002833;15.314024;0.005972;14.109837;0.003607;1.204187;;;1.235;1648.765;205.629;475.054;1.0;0.8150899907043646;0.0006189135119076097;0.0;0.0
56;-0.2031;0.1976;0.2658;15;83.30899598081;0.1488;41.70688350738;0.1282;194436708544098304;2.1577;0.1814;-3.464;0.179;-1.508;0.148;1.02;18.105509;0.00359;19.521494;0.055896;17.002426;0.007783;2.519068;;;1.359;471.742;19.448;149.443;0.99;0.42686180995496675;0.01617390684775816;0.2331498796100956;0.08464650225506953
57;-0.0875;0.1725;0.2163;17;83.42897354682;0.0187;41.74092966529;0.0159;194442176039923072;1.95;0.0218;-3.906;0.023;-1.748;0.019;0.986;14.274752;0.002798;14.73207;0.00346;13.656489;0.003074;1.075581;;;1.22;2219.507;530.502;840.915;1.0;0.8921916080915936;0.0006035349214121009;0.0;0.019709873261106844
58;-0.0823;0.1953;0.2144;17;83.42797881067;0.0302;41.73951506463;0.0254;194442176039923456;1.9174;0.0352;-3.833;0.036;-1.929;0.03;0.975;15.372548;0.002805;15.991492;0.00444;14.618583;0.003117;1.37291;;;1.253;2074.085;314.377;781.422;1.0;0.738641452645193;0.0005937752574822156;0.0;0.0
59;-0.1879;0.1439;0.1918;16;83.37603018192;0.1001;42.59385225297;0.0788;194721280194828544;2.1094;0.1219;-4.119;0.133;-1.775;0.094;1.156;17.336384;0.003196;18.544043;0.098351;16.156107;0.010436;2.387936;;;1.487;670.644;11.044;107.963;1.0;0.4813591456152573;0.011979333354329146;0.427872434072751;0.022264169708290305
60;-0.238;0.1983;0.1362;16;83.54116696072;0.0233;41.78642851953;0.0185;194440973449045504;1.9826;0.0273;-3.704;0.032;-1.718;0.022;1.04;14.862284;0.002798;15.429881;0.003709;14.147208;0.003003;1.282673;;;1.243;2231.09;444.414;977.345;1.0;0.8017268390559126;0.0025629206540055327;0.22988925183113276;0.190916625474635
61;0.0302;0.2215;0.2396;16;83.43870312014;0.1834;41.72989506746;0.1607;194439216807949696;1.9514;0.2213;-4.056;0.215;-1.929;0.173;1.045;18.624449;0.003692;19.977592;0.081364;17.401922;0.013521;2.57567;;;1.506;441.946;13.352;82.065;0.99;0.38454292638974685;0.02416997746506173;0.0;0.12081968753781877
62;-0.3666;0.3136;0.0631;16;83.59026656386;0.2567;41.81123648202;0.1951;194440728635712128;2.0147;0.2846;-4.132;0.345;-1.483;0.236;1.125;18.836542;0.004325;20.43881;0.159174;17.530172;0.015568;2.908638;;;1.568;325.706;6.822;70.89;1.0;0.3292236126723514;0.011085497187497365;0.2398670324429134;0.021113066667195566
63;-0.3363;-0.0352;0.1972;15;83.01519513523;0.0231;41.67697729686;0.0182;194356822153494144;1.893;0.0268;-3.98;0.034;-1.649;0.024;1.117;14.198865;0.003193;14.776402;0.007113;13.470191;0.005762;1.306211;;;1.25;672.651;165.954;215.387;1.0;0.8197114214137521;0.01686933104357679;0.7577154478634569;0.024652518980193366
64;-0.2417;0.1404;0.2353;16;83.53851975744;0.0273;41.76729030849;0.0226;194440939089313024;1.9516;0.0339;-4.028;0.036;-1.683;0.026;1.635;9.294883;0.002767;9.372326;0.002833;9.127298;0.002817;0.245028;;;1.166;4225.506;2216.062;2779.019;1.0;2.7575118046897984;0.019816566727112756;1.6130482730430162;0.053285540903370426
65;-0.2889;-0.0836;0.2139;16;83.6489426157;0.0284;42.47563608645;0.0233;194693139569460864;1.9743;0.033;-3.859;0.043;-1.698;0.031;1.018;15.356612;0.003132;15.984349;0.004826;14.590231;0.004765;1.394118;;;1.259;728.77;275.766;281.106;1.0;0.7403542791244287;0.0005175587341411569;0.0;0.014274482684265248
66;-0.3382;-0.0245;0.1903;16;83.04397813391;0.0412;41.64646198159;0.0317;194353802792906368;2.0116;0.0476;-3.832;0.062;-1.757;0.046;0.951;16.014786;0.002822;16.784708;0.006481;15.160071;0.003952;1.624637;;;1.282;1777.087;185.613;387.907;1.0;0.6707416736655404;0.0005106874107330961;0.0;0.0
67;-0.2862;-0.0625;0.2569;16;83.6259518944;0.0252;42.53883231339;0.0211;194697262737668736;2.0531;0.03;-3.981;0.037;-1.711;0.027;0.994;15.183398;0.002839;15.799033;0.004801;14.436861;0.003442;1.362172;;;1.249;1583.151;277.855;538.689;1.0;0.7597287476173453;0.0016130944375336996;0.0;0.1463693648956796
68;-0.2051;0.0079;0.3386;16;82.59829241974;0.0138;41.80857882314;0.0117;194554910342188160;1.9805;0.0172;-3.846;0.021;-1.698;0.016;0.953;13.507842;0.002813;13.862463;0.003721;12.983339;0.00323;0.879124;;;1.206;1913.441;441.11;667.62;1.0;1.0299069316361478;0.0006867299054203448;0.0;0.0
69;-0.1582;0.1269;0.0935;17;83.83279694829;0.0119;42.27810510092;0.0097;194488591749770624;1.9815;0.014;-3.955;0.017;-1.789;0.013;0.997;12.576365;0.002762;12.8886;0.002852;12.099623;0.002826;0.788978;-13.48;5.96;1.197;5566.42;1833.911;2424.078;1.0;1.2111614554786367;0.009717595943654322;0.7291359110585538;0.07982907007361288
70;-0.2507;0.3504;0.1376;16;83.86446012027;0.0797;42.18926876189;0.0636;194484296783298816;2.0391;0.1012;-3.884;0.123;-1.665;0.079;1.072;17.275461;0.003007;18.381319;0.014567;16.25001;0.00818;2.13131;;;1.344;901.282;75.941;141.207;1.0;0.5348830486743305;0.00233130703264465;0.0;0.06347612900490253
71;-0.2582;0.2978;0.1498;16;82.45272780693;0.0527;42.37818080042;0.0433;195381640007587840;1.9594;0.0598;-3.766;0.065;-1.777;0.05;1.025;16.385393;0.003076;17.246159;0.00679;15.484632;0.005463;1.761527;;;1.293;793.719;175.404;231.178;1.0;0.6339618248977268;0.0005898489362391708;0.0;0.0
72;-0.2502;0.2464;0.111;16;82.47370967332;0.015;42.41919640885;0.0123;195381949245213312;2.0244;0.017;-3.802;0.019;-1.917;0.014;1.056;12.76736;0.002792;13.078875;0.003183;12.290847;0.002976;0.788028;;;1.197;2392.893;709.14;1050.141;1.0;1.1843117305330744;0.003341504805450226;0.27139182956229435;0.2797440497185021
73;-0.3492;0.1257;0.2947;16;82.39762062063;0.0835;42.03706764988;0.07;194610160797907200;1.8443;0.1077;-4.027;0.133;-1.58;0.096;0.864;17.396437;0.00329;18.294348;0.036928;16.25646;0.01489;2.037888;;;1.52;604.151;29.486;74.235;1.0;0.5337237345984428;0.0014568091334492494;0.0;0.0
74;-0.3234;-0.0231;0.3072;16;82.38558669667;0.0208;42.08654077742;0.0177;194611260313082624;1.9673;0.0257;-3.934;0.031;-1.697;0.023;1.018;14.575706;0.002829;15.065822;0.003823;13.93022;0.003256;1.135602;;;1.225;1688.712;415.423;646.948;1.0;0.8457491437137515;0.0005800960564138203;0.0;0.0
75;-0.3159;0.0088;0.1666;16;83.02178778858;0.0419;41.59570807402;0.032;194353012518943488;1.9466;0.0487;-3.708;0.063;-1.72;0.044;1.021;16.044266;0.002863;16.794024;0.008845;15.191163;0.003818;1.60286;;;1.287;1395.193;129.358;416.587;1.0;0.6686356039824186;0.0006506330856646432;0.0;0.0
76;-0.2965;0.0433;0.2993;16;83.9058945643;0.0278;42.13952543676;0.022;194472343886892416;1.9171;0.0332;-3.535;0.04;-1.591;0.029;1.613;11.511884;0.002807;11.682698;0.002878;11.206482;0.00288;0.476216;;;1.177;2025.285;1541.781;1520.478;0.97;1.5368809260362395;0.004555857646777261;0.3104627008141091;0.3338972742171365
77;-0.0278;0.2904;0.309;17;83.5045411691;0.1797;41.6532299961;0.1661;194437842415360512;1.875;0.2322;-3.612;0.209;-2.06;0.165;1.045;18.582861;0.003556;19.981714;0.068711;17.431559;0.016116;2.550156;;;1.415;482.876;15.814;68.405;0.97;0.3989343216704642;0.013019568367498078;0.0;0.07325660586812639
78;-0.2879;-0.0001;0.1872;16;82.83497145635;0.1358;41.60798328921;0.1047;194355275965196288;1.6984;0.1514;-4.291;0.204;-1.91;0.137;0.957;18.31299;0.003328;19.872461;0.075774;17.075132;0.009955;2.797329;;;1.489;581.498;14.338;113.62;0.88;0.3738648122974962;0.015321308561088693;0.3166025587174919;0.027173945440280046
79;-0.2382;0.0019;0.2906;16;82.32816734197;0.0355;42.08733382824;0.0312;194622976983875712;1.9674;0.0449;-3.818;0.053;-1.839;0.041;1.144;15.675887;0.002817;16.358589;0.005411;14.879588;0.003412;1.479001;;;1.263;1855.62;234.21;552.659;1.0;0.70496123084748;0.000528349942196898;0.0;0.0
80;-0.3003;0.228;0.2954;14;83.52912022614;0.0821;41.62582604094;0.0731;194390838293224064;2.0773;0.0995;-3.742;0.099;-1.583;0.076;1.098;17.119482;0.002987;18.276575;0.039543;15.955074;0.012951;2.321501;;;1.48;940.822;27.526;85.849;1.0;0.5012155599817932;0.01057734010291834;0.4546278677124406;0.01735808802626986
81;-0.306;-0.1104;0.1959;16;83.88806517464;0.0177;42.43363237521;0.0146;194679017716965760;1.9957;0.0203;-3.719;0.027;-1.59;0.02;0.932;14.150137;0.002929;14.581842;0.005106;13.55256;0.003893;1.029283;;;1.217;1092.392;253.891;399.966;1.0;0.9135083573947944;0.0006147818524535169;0.0;0.0
82;-0.0407;0.2241;0.2549;16;83.6302066031;0.1847;41.64473073162;0.1601;194390322897178112;1.9341;0.2318;-3.794;0.227;-1.906;0.17;1.055;18.628525;0.003604;20.122093;0.088978;17.442217;0.012325;2.679876;;;1.439;467.479;12.208;90.444;0.99;0.3532613999463956;0.02237829196407685;0.2298878102938714;0.07946559214752867
83;-0.3213;-0.0982;0.4051;15;82.28855001478;0.0182;42.32233385641;0.0156;195380471776559360;2.0147;0.0235;-3.94;0.026;-1.471;0.021;1.002;11.457726;0.002791;11.631028;0.002909;11.159926;0.002863;0.471102;-6.72;2.0;1.172;2429.722;1317.457;1687.456;1.0;1.5490504710835287;0.007512412668276872;0.5882016334097708;0.30015346774233326
84;-0.0708;0.2437;0.2642;16;84.02422770253;0.0225;42.11282495535;0.0204;194474229379139584;2.0476;0.0289;-4.017;0.032;-1.686;0.026;0.911;9.513966;0.002782;9.510912;0.002831;9.493186;0.002827;0.017726;;;1.156;2803.143;2272.71;2400.695;1.0;2.720312905697779;0.0009270170471888573;0.0;0.0
85;-0.4489;0.1179;0.1901;14;83.56937836406;0.2309;42.7395678168;0.173;194749966280960000;1.965;0.2365;-3.666;0.264;-1.608;0.189;0.98;18.603006;0.004078;20.160866;0.138227;17.399672;0.017321;2.761194;;;1.448;361.167;7.856;63.514;0.99;0.3460958614452614;0.017271818198939175;0.26766563321941506;0.0316847887676581
86;-0.3439;0.2906;0.2418;15;83.40687480444;0.1775;41.51440242791;0.1494;194431039187711616;2.0181;0.2121;-3.608;0.229;-1.891;0.168;0.922;18.250834;0.003913;19.435614;0.087503;17.122257;0.008069;2.313356;;;1.434;390.798;12.414;143.404;1.0;0.4417163444004484;0.002105194647029785;0.0;0.0
87;-0.2433;0.1281;0.0801;16;83.98942025808;0.1594;41.92621260032;0.1273;194418841481243520;1.8207;0.1722;-3.835;0.207;-1.47;0.155;0.954;18.548498;0.0036;20.073936;0.076823;17.323854;0.023836;2.750082;;;1.478;468.687;14.142;45.865;0.99;0.3543502356119428;0.017299657680102293;0.27340876551369026;0.03242052869950419
88;-0.0631;0.11;0.1479;17;82.66842527385;0.0204;42.75156703384;0.017;195407684689059840;1.9839;0.0233;-3.951;0.025;-1.67;0.02;1.069;9.670876;0.002771;9.689778;0.002853;9.605247;0.002812;0.084531;;;1.16;3732.247;1819.641;3110.806;1.0;2.5657393557532937;0.022500890782917744;1.0270916694295698;0.32771664169867903
89;-0.4264;0.1039;0.2916;14;84.06871269296;0.1434;42.22302961038;0.1175;194478867944692096;1.8858;0.1845;-4.092;0.215;-1.777;0.168;1.027;18.152088;0.003749;19.600439;0.052733;16.950689;0.015482;2.64975;;;1.464;427.134;20.618;71.295;1.0;0.39537312797448815;0.013390594342495819;0.3287308085485408;0.02441170714164159
90;-0.1951;0.0568;0.1572;17;82.71017812954;0.1882;41.53444521741;0.1495;194536630961769216;2.1564;0.2017;-3.512;0.27;-1.675;0.189;0.983;18.822329;0.003806;20.399307;0.096826;17.574409;0.013667;2.824898;;;1.498;413.473;11.218;81.152;0.99;0.3321101220965643;0.013109242630064749;0.22863525012659824;0.03946543006729774
91;-0.19;0.0836;0.1997;17;82.55089402802;0.1051;41.60130123622;0.0838;194539615959478784;1.8185;0.1179;-3.696;0.15;-1.863;0.117;1.051;17.753185;0.003281;19.007734;0.023395;16.664944;0.010923;2.342791;;;1.375;609.268;46.743;102.807;0.99;0.4821882680699068;0.007968479725691402;0.0;0.11862066855876208
92;-0.1531;0.1173;0.1138;17;82.96194559038;0.0534;41.46177370595;0.042;194349984567286144;2.001;0.0615;-3.871;0.078;-1.822;0.055;1.05;16.640743;0.003101;17.595968;0.011362;15.676322;0.005096;1.919646;;;1.324;762.868;98.576;254.59;1.0;0.608037187701283;0.0019968605492169354;0.0;0.10117460117988292
93;0.0104;0.1216;0.1335;16;82.42864220722;0.1788;42.63233219575;0.1368;195400258688343040;2.0698;0.1926;-4.174;0.222;-1.422;0.181;1.017;18.631413;0.003597;20.113256;0.089367;17.423115;0.012547;2.690142;;;1.466;469.403;12.155;88.754;0.99;0.34945028907464193;0.02069539335454846;0.24664618225448293;0.06098062479817994
94;-0.3878;0.0563;0.3204;15;83.15791767116;0.1351;42.86887061654;0.1078;195488464434004352;2.1643;0.1705;-3.748;0.192;-1.58;0.146;1.014;18.218508;0.00349;19.489607;0.072833;17.057865;0.01693;2.431742;;;1.451;506.918;14.918;65.021;1.0;0.44327231340967777;0.0060172873389695;0.0;0.0491202232076316
95;0.0215;0.0271;0.0592;15;82.46821399924;0.063;42.68010248373;0.0502;195400709662261760;1.7486;0.0686;-3.664;0.078;-1.842;0.067;0.974;16.796259;0.002908;17.658049;0.022698;15.893159;0.004533;1.76489;;;1.295;1167.521;48.2;303.949;0.77;0.5957057690288452;0.0011452019449609294;0.0;0.0
96;-0.1347;-0.0506;0.1467;16;83.82359034554;0.0284;41.64852439517;0.0228;194411527153566976;1.9845;0.032;-3.666;0.036;-1.665;0.028;1.035;15.295855;0.002997;15.890755;0.004674;14.529422;0.003828;1.361333;;;1.272;920.146;289.539;414.207;1.0;0.7480954183768779;0.0005495798942641781;0.0;0.015620773401943781
97;-0.0329;-0.0242;0.1943;16;82.76343971429;0.0197;41.48318715419;0.0153;194348614472525568;2.0001;0.0218;-3.932;0.026;-1.678;0.017;1.01;14.234596;0.002798;14.685918;0.003717;13.620305;0.003131;1.065613;;;1.22;2227.46;442.167;764.197;1.0;0.8990444110051291;0.0006484281432676051;0.0;0.0
98;-0.3309;-0.0934;0.2172;15;83.54167387961;0.1726;41.48925479866;0.1268;194383317805928320;2.0474;0.1869;-4.013;0.211;-1.541;0.148;1.828;17.397343;0.003588;18.145935;0.035721;15.881686;0.031137;2.264249;;;2.064;472.284;30.488;35.01;1.0;0.533171779116114;0.009163623298047777;0.32814834048155;0.06622353079078908
99;-0.2633;-0.1185;0.2047;16;83.44531338548;0.0219;42.86534904452;0.0179;194743476585710336;2.0865;0.0245;-3.405;0.029;-1.654;0.021;1.325;13.891895;0.003065;14.323618;0.006105;13.266993;0.004495;1.056625;;;1.236;809.317;199.963;308.058;0.94;0.9500325392247609;0.005385710110124931;0.5216510007737617;0.13031062955271208
100;-0.1768;-0.0717;0.2041;16;82.20718394488;0.0173;41.86644361056;0.0138;194582535571901312;2.0008;0.0202;-3.937;0.024;-1.828;0.017;0.962;10.770717;0.002777;10.852328;0.002869;10.609987;0.002824;0.242341;;;1.161;3156.263;1624.823;2491.225;1.0;1.8404176331762256;0.012084029707135211;0.7801192084068381;0.25392881117123367
101;-0.2107;-0.0975;0.1182;16;83.47457078038;0.0152;42.88233236071;0.0126;194743888902561536;2.0899;0.017;-4.048;0.02;-1.609;0.015;0.917;10.887239;0.002768;10.996587;0.002879;10.680585;0.002818;0.316002;;;1.165;4034.416;1534.27;2747.095;1.0;1.7545923509179133;0.012770526080068243;0.9988341681527317;0.05619033861868799
102;-0.0784;0.1995;0.0442;17;82.48062933101;0.0153;42.76785913294;0.0119;195410708346087168;1.9526;0.0173;-3.895;0.02;-1.594;0.015;0.913;11.528496;0.002782;11.703791;0.00308;11.224236;0.002869;0.479555;;;1.174;2836.008;832.7;1624.375;1.0;1.5322615586927326;0.0026120946272783782;0.0;0.27754817055549375
103;0.0068;0.1457;0.1798;17;83.77001977724;0.0186;41.53397721397;0.0157;194387097379628672;2.0108;0.0218;-3.906;0.023;-1.829;0.019;0.933;14.217497;0.002889;14.688693;0.0042;13.584465;0.003447;1.104228;;;1.224;1251.909;345.861;536.562;1.0;0.8999527922822709;0.002266680828633061;0.0;0.20687653260869104
104;-0.4669;0.1025;0.0804;14;83.36758330605;0.1814;42.92059279151;0.1452;195495366443193216;1.8104;0.1682;-3.615;0.21;-1.518;0.164;1.058;18.172518;0.003673;19.566566;0.050774;16.951889;0.010685;2.614677;;;1.496;447.102;21.416;105.269;0.97;0.3960583069392421;0.01586065704810292;0.32317242683974967;0.030893846987513515
105;-0.1027;0.0593;0.1265;17;84.09324131926;0.0942;41.82371324553;0.082;194408189962179200;2.0207;0.1046;-3.877;0.124;-1.599;0.1;1.079;17.589376;0.003094;18.957891;0.042656;16.408199;0.00548;2.549692;;;1.455;771.669;25.508;230.177;1.0;0.4497245368223129;0.01067109353351396;0.40478677129472096;0.018763200258677653
106;-0.2925;0.285;0.0493;16;82.98384117261;0.0946;41.37581801298;0.0796;194331773905758720;2.1305;0.1022;-3.508;0.141;-1.485;0.108;0.953;17.528589;0.003096;18.661646;0.031378;16.44311;0.00769;2.218536;;;1.399;769.149;34.74;151.51;0.99;0.5114432756225643;0.0022483172959304517;0.0;0.054874924105765555
107;-0.2019;0.0655;0.1691;17;82.88978529764;0.1963;41.38322984429;0.1608;194343529231249408;1.9117;0.2148;-4.225;0.284;-2.126;0.22;1.047;18.85656;0.003892;20.253792;0.083846;17.666859;0.017303;2.586933;;;1.459;395.01;12.956;63.58;0.94;0.3680769549001355;0.013616673417428012;0.0;0.06768940858526763
108;-0.4406;0.0763;0.1718;14;84.21924306899;0.2572;42.25312337986;0.1978;194479589499244928;2.0817;0.3016;-4.162;0.379;-1.341;0.245;1.052;18.831112;0.00457;20.29434;0.122658;17.607756;0.013983;2.686584;;;1.487;297.741;8.854;79.243;0.99;0.34879023091136935;0.022537668290760836;0.0;0.10809792995226915
109;-0.2584;0.1535;0.0446;17;84.20441437041;0.0897;41.99621034402;0.0718;194423445686307456;2.0627;0.1028;-3.905;0.131;-1.973;0.097;0.967;17.55995;0.00328;18.777222;0.033018;16.461542;0.006765;2.31568;;;1.394;610.149;33.001;176.165;0.99;0.4906829242707541;0.007673000042919519;0.2782185812748046;0.05397268629969532
110;-0.1396;-0.1953;0.2278;15;82.04144771264;0.0248;42.19949709551;0.02;195356007642995072;1.9979;0.0293;-3.776;0.036;-1.943;0.021;1.221;11.154724;0.002837;11.263762;0.002876;10.894742;0.003058;0.36902;;;1.191;1606.982;1559.102;867.365;0.99;1.659221520584544;0.010190897808312827;0.8233283103870543;0.1754258767736577
111;-0.3167;0.123;0.0392;16;84.21025909867;0.1372;41.96820651856;0.1108;194422621052535936;1.9688;0.1537;-3.468;0.198;-1.999;0.15;1.012;18.161238;0.003499;19.580818;0.042471;17.012922;0.009306;2.567896;;;1.408;503.316;25.62;122.29;0.98;0.40533106788472395;0.017556799704774945;0.2920904622385924;0.0477351403590255
112;-0.1492;0.0908;0.2093;15;83.87968132844;0.0265;41.54933170366;0.023;194375689946464768;1.9654;0.0319;-4.022;0.034;-1.811;0.028;0.959;14.905638;0.002855;15.427166;0.004014;14.124899;0.003288;1.302267;;;1.313;1450.551;376.183;624.334;1.0;0.7978118604924933;0.00359674127619881;0.36574306043803617;0.1526121610492059
113;-0.4294;0.1121;0.0336;14;84.25350132778;0.2194;42.06200669067;0.1674;194426812940783104;1.7874;0.2563;-3.97;0.334;-2.025;0.226;1.033;18.752331;0.004064;20.298939;0.111488;17.543671;0.018093;2.755268;;;1.456;363.49;9.742;60.735;0.97;0.3415268154727712;0.016781770280715706;0.22320286198663936;0.05714041598103114
114;-0.4074;-0.0714;0.3893;15;84.25662529643;0.0859;42.25132546592;0.0804;194476948094835584;1.8215;0.11;-3.324;0.122;-1.689;0.097;1.053;17.245632;0.003116;18.37319;0.022581;16.183554;0.008878;2.189636;;;1.376;745.933;48.453;128.826;0.73;0.5261075923660963;0.0051406784962925636;0.28575360930966215;0.05285564334571349
115;-0.1913;0.0105;0.1122;17;83.4579992418;0.0252;42.96178256904;0.0211;194745297651816320;2.0411;0.0277;-4.116;0.034;-1.625;0.026;1.055;15.0169;0.002806;15.593995;0.004554;14.298262;0.004211;1.295733;;;1.242;2037.878;301.697;344.224;1.0;0.7826347806924814;0.000578949607097434;0.0;0.04025905035795337
116;-0.0084;0.1988;0.143;17;84.09490394285;0.0283;41.70294658798;0.0236;194400944354088960;1.9843;0.0323;-3.51;0.036;-1.649;0.028;1.067;15.148171;0.002845;15.707874;0.004145;14.381975;0.003292;1.325899;;;1.286;1530.631;354.141;621.418;1.0;0.7684582216282996;0.0006166055938902377;0.0;0.03610255995587117
117;-0.043;0.1112;0.3141;16;82.02723235038;0.0353;42.38074994909;0.0288;195373359310785024;1.9743;0.0456;-3.859;0.043;-1.701;0.034;1.187;15.308597;0.002824;15.944509;0.004421;14.547367;0.003691;1.397141;;;1.252;1754.193;316.599;449.289;1.0;0.7448045537979704;0.0007647794270460842;0.0;0.08125380559750563
118;-0.1369;0.0254;0.2725;17;82.00507387407;0.0151;41.98950824054;0.0126;194600952391328256;1.9394;0.0179;-3.949;0.019;-1.664;0.016;0.85;11.137968;0.002783;11.2793;0.00293;10.882401;0.002828;0.396898;;;1.169;2787.083;1212.922;2367.611;1.0;1.645261193030382;0.010662185348132422;0.952384341297687;0.053345305878376055
119;-0.2784;0.0919;0.3589;16;83.23524892728;0.0943;43.03902812658;0.0826;195499115952811136;2.1457;0.1183;-3.669;0.119;-1.429;0.096;0.955;17.461372;0.003106;18.660128;0.029845;16.391405;0.008213;2.268723;;;1.368;757.427;36.539;140.553;0.99;0.5035263735630232;0.006128160991319237;0.25842856036670686;0.06690285276624121
120;-0.1693;-0.04;0.2271;17;82.01146142361;0.0192;42.4658996953;0.0145;195376997144964864;1.9926;0.0227;-4.243;0.025;-1.818;0.019;1.368;13.531924;0.003016;14.001893;0.005381;12.889655;0.004898;1.112238;;;1.231;885.854;235.978;269.68;0.99;0.9241741917738547;0.020912056115875464;0.8504932812460385;0.030280886554683972
121;-0.1573;0.0173;0.2086;15;82.79657626967;0.0702;43.01891481083;0.0533;195460903627410304;1.9201;0.0807;-3.727;0.091;-1.738;0.067;0.965;16.804543;0.003187;17.78993;0.01194;15.818474;0.005305;1.971457;;;1.336;678.203;93.523;240.626;1.0;0.5926383860441468;0.0015998364005571297;0.0;0.07033190418659586
122;0.0351;-0.1517;0.0219;15;82.51394832624;0.1911;42.94895434843;0.1578;195462518535025536;1.7081;0.2119;-3.272;0.278;-1.537;0.206;0.963;18.790693;0.004005;20.365286;0.109101;17.558792;0.021515;2.806494;;;1.479;373.491;9.955;50.895;0.88;0.33403281262373113;0.013498832390552395;0.2333577126241714;0.036800783794261736
123;-0.1691;0.2286;0.1471;16;84.2215149884;0.1579;41.70089440766;0.1292;194403276518178560;2.1541;0.1764;-3.847;0.197;-1.495;0.156;1.093;18.397865;0.00365;19.838268;0.064029;17.222879;0.00989;2.615389;;;1.435;453.4;16.973;114.431;1.0;0.3803295872256468;0.019768023030527587;0.26184308784302407;0.05772787798274361
124;-0.0401;0.1898;0.1297;17;81.96980950585;0.1037;41.80260604419;0.0866;194584081760215168;2.0139;0.1173;-3.57;0.141;-1.606;0.107;0.931;17.848352;0.003147;19.143621;0.026943;16.763638;0.007006;2.379984;;;1.363;714.473;40.516;168.944;1.0;0.47344302717487585;0.006941094370326548;0.0;0.1077979352807253
125;-0.1179;0.0078;0.1857;16;83.19492157676;0.0978;43.09481026274;0.0814;195512000854687616;1.9513;0.1119;-4.004;0.128;-1.603;0.094;1.025;17.381283;0.003149;18.525454;0.027712;16.313072;0.007097;2.212381;;;1.379;711.698;39.38;166.396;1.0;0.5179006941852881;0.006115861622457806;0.0;0.11766502978971265
126;-0.2546;0.1408;0.0242;16;84.02608228665;0.1082;42.82807877528;0.0902;194706844807099776;1.953;0.1118;-3.929;0.134;-1.434;0.11;0.976;17.766447;0.003103;19.04637;0.028931;16.672287;0.008864;2.374083;;;1.376;760.453;37.705;129.048;1.0;0.47202052185108245;0.009781872937722537;0.2152168826347648;0.10003035974715052
127;-0.2117;0.1856;0.1673;17;84.37712781778;0.0599;41.95496879384;0.0492;195911261013536256;2.1624;0.0745;-3.977;0.087;-1.672;0.059;0.986;16.787712;0.003025;17.784943;0.012023;15.802857;0.006287;1.982085;;;1.332;869.021;92.838;192.711;1.0;0.5920409043032171;0.003215282816366404;0.0;0.12639653500013873
128;-0.0953;0.0138;0.1905;17;82.64452429057;0.015;43.03574500098;0.0124;195464614477517824;1.9071;0.0174;-3.876;0.021;-1.58;0.016;0.922;11.710896;0.002763;11.933623;0.002854;11.33988;0.002823;0.593743;;;1.183;5441.101;1806.739;2546.636;1.0;1.444044937542218;0.01075417284290759;0.8558879861207065;0.061157181120980196
129;-0.3354;0.1235;0.1921;17;84.38884863835;0.1033;41.96091033241;0.0834;195911291075598848;2.1814;0.1235;-3.95;0.163;-1.87;0.102;1.014;17.674324;0.003279;19.145367;0.037982;16.463684;0.006168;2.681683;;;1.471;610.858;28.663;197.359;0.99;0.4395340393648645;0.011430023421689582;0.39251494217155924;0.01986911115253789
130;-0.2708;0.2267;0.1167;17;84.27131403156;0.1971;41.71829929574;0.1628;194403242161883648;1.8296;0.228;-3.731;0.27;-1.972;0.193;0.975;18.95785;0.00419;20.427172;0.077612;17.739698;0.019583;2.687473;;;1.48;343.974;13.998;56.013;0.99;0.34889879341589713;0.018435711134036074;0.0;0.09686104427655318
131;-0.0377;-0.0099;0.051;17;82.53672597426;0.1015;43.00596062616;0.0831;195463278745671552;1.9918;0.1148;-3.543;0.152;-1.453;0.104;1.086;17.82313;0.003096;18.980564;0.035958;16.703962;0.012595;2.276602;;;1.43;769.179;30.286;88.397;0.99;0.48373462138509205;0.0013288009500648608;0.0;0.014106735979665918
132;-0.0411;-0.0301;0.061;17;82.53736495853;0.0343;43.00665423283;0.0279;195463274449356160;1.9481;0.0389;-3.813;0.05;-1.685;0.035;1.013;15.819874;0.002801;16.560192;0.006374;14.994921;0.003753;1.565271;;;1.267;2145.203;189.456;432.504;1.0;0.6895242049268004;0.00044761486827888416;0.0;0.014507093363425917
133;-0.1984;0.1835;0.1725;17;81.88947683281;0.078;41.88628683191;0.0662;194591464805703552;2.0952;0.0885;-3.552;0.101;-1.189;0.078;1.032;17.216162;0.002949;18.391659;0.01183;16.159302;0.005593;2.232357;;;1.36;1033.746;94.441;223.994;0.65;0.5204033148997812;0.005580247218075089;0.34123871239372355;0.030825025179878687
134;-0.1623;0.1016;0.1182;16;84.2884266241;0.1277;41.71262557373;0.1054;194404655205799680;1.8083;0.1484;-3.874;0.154;-1.451;0.112;0.947;18.099689;0.003349;19.476488;0.042324;16.95438;0.010845;2.522108;;;1.413;570.318;25.709;103.606;0.98;0.4201046020119585;0.016884062852611233;0.2785273895274774;0.05332297073252475
135;-0.1955;0.2211;0.1077;16;83.91390601933;0.0988;41.36171953099;0.0803;194369780068924544;1.8907;0.1111;-3.474;0.122;-1.485;0.093;1.026;17.441458;0.003334;18.559908;0.025677;16.400072;0.006993;2.159836;;;1.357;578.312;42.537;169.332;0.93;0.5191909758417549;0.0012064852811360983;0.0;0.01908332361984491
136;-0.1912;0.1493;0.0618;15;83.46449528944;0.0168;43.11083095189;0.0142;195500730860721536;2.0649;0.0172;-3.966;0.02;-1.913;0.016;1.045;12.768353;0.002794;13.106801;0.00308;12.261967;0.002917;0.844834;;;1.202;2333.429;831.856;1274.698;1.0;1.1546534763035103;0.01331355407205734;0.7696341029441307;0.05444471192778873
137;-0.2582;0.0849;0.2175;17;84.4306883132;0.0304;42.38440737105;0.0249;195981938994878848;1.9358;0.0315;-3.682;0.039;-1.598;0.025;1.038;15.260771;0.002789;15.870049;0.004334;14.512309;0.003246;1.35774;;;1.252;2519.659;327.394;654.333;1.0;0.7510012586422995;0.0005026980194131436;0.0;0.01927442533066597
138;0.0942;0.148;0.2998;16;84.31979043178;0.1189;42.62548158019;0.0963;196000424534616320;2.1135;0.1342;-3.918;0.144;-1.661;0.097;1.043;17.914667;0.003155;19.264898;0.027727;16.820343;0.006718;2.444555;;;1.362;706.399;39.358;177.667;1.0;0.4501467989827359;0.013491909978646313;0.24205143416903138;0.08377738720760906
139;-0.1596;0.1437;0.2665;16;84.09079278822;0.0155;41.45493097282;0.0125;191391718467413504;1.9881;0.0187;-3.968;0.021;-1.721;0.016;0.949;13.932199;0.002875;14.346032;0.004105;13.353192;0.003967;0.99284;;;1.213;1321.319;360.555;384.962;1.0;0.9514426202125627;0.0005673135208225186;0.0;0.0
140;0.0728;0.3106;0.2977;17;82.35990640013;0.13;42.97656169124;0.1116;195469600937215872;1.9382;0.1802;-3.884;0.175;-2.171;0.134;6.214;14.906189;0.003243;15.534329;0.003643;14.091673;0.003017;1.442657;;;1.298;634.661;463.384;946.092;0.96;0.7609823734356472;0.011709696631638882;0.6254214892013625;0.026798141997895798
141;-0.222;0.0764;0.2788;15;83.85065556414;0.0192;41.29722884444;0.0164;194367787206718592;1.9811;0.0223;-3.896;0.025;-1.81;0.02;1.07;13.915435;0.002906;14.342629;0.004695;13.32477;0.003445;1.017859;;;1.215;1173.651;287.51;537.181;1.0;0.9539081988903615;0.0009866202641053863;0.0;0.12071379093405668
142;-0.2352;0.1494;0.2337;15;83.7934618768;0.0282;41.26258902508;0.0241;194362495807030656;1.9275;0.0341;-3.453;0.036;-1.653;0.027;1.073;14.883315;0.002809;15.407301;0.003381;14.202231;0.003606;1.20507;;;1.236;1993.37;568.549;475.402;0.96;0.8020788731531535;0.0006611451902945384;0.0;0.0
143;-0.0475;0.1791;0.3002;16;84.39503618298;0.0178;42.58151658371;0.0149;195999496821146368;1.9154;0.021;-3.821;0.022;-1.578;0.014;0.954;14.241138;0.002837;14.689136;0.003831;13.625178;0.003861;1.063957;;;1.222;1610.182;413.599;406.924;1.0;0.8982315506539946;0.0006682331694398515;0.0;0.0
144;-0.2672;0.0172;0.385;16;84.50871801846;0.0338;42.02226683429;0.0269;195911772111972224;2.0427;0.0396;-3.855;0.048;-1.707;0.028;0.968;15.523932;0.002811;16.200108;0.004661;14.7264;0.003536;1.473707;;;1.266;1948.656;290.806;499.785;1.0;0.7213270051725155;0.0009455652765780041;0.0;0.07944135014277548
145;-0.2704;0.0998;0.211;16;83.91859097283;0.2665;41.30216078816;0.21;194367954707234176;2.0987;0.2827;-3.865;0.313;-1.71;0.227;1.068;18.830879;0.003755;20.544678;0.074926;17.570524;0.019005;2.974154;;;1.493;425.475;14.501;57.754;0.99;0.3297075525181731;0.011092487009455736;0.23392986227621748;0.02083657020660831
146;-0.2504;0.0267;0.394;17;84.5219146494;0.0825;42.02545332197;0.0659;195911772111971200;2.1323;0.0972;-4.006;0.116;-1.798;0.069;0.988;17.281973;0.002974;18.368599;0.015737;16.244854;0.004883;2.123745;;;1.361;970.879;70.102;270.931;0.99;0.5355419388238438;0.0011563208710208286;0.0;0.03220574518508148
147;-0.1119;0.0253;0.3462;16;83.9294750848;0.0136;41.30431935444;0.0116;191365566412178048;2.0321;0.0168;-3.763;0.017;-1.316;0.014;0.954;12.190715;0.002771;12.447298;0.002891;11.777846;0.002868;0.669452;-7.25;6.87;1.188;3645.277;1432.005;1637.392;0.99;1.32961918134179;0.0024936898732938026;0.0;0.26476342098696104
148;-0.2381;0.0275;0.2901;16;83.61868140053;0.0182;41.15662356653;0.0154;194363045562909312;2.0101;0.022;-3.885;0.026;-1.77;0.019;0.942;14.257185;0.002845;14.713192;0.003862;13.638105;0.00345;1.075087;;;1.221;1535.766;406.694;535.01;1.0;0.8952274647464046;0.0005221225757421125;0.0;0.0
149;-0.3441;0.0812;0.2315;16;84.56840553419;0.1688;42.24222444814;0.127;195927955549038336;2.0953;0.1479;-3.709;0.191;-2.214;0.112;0.986;18.091583;0.003157;19.591738;0.038692;16.903389;0.009248;2.688349;;;1.44;704.785;28.134;123.144;0.75;0.3987331540173752;0.014649152530254188;0.3389681358300988;0.02626279205216541
150;-0.2392;-0.0341;0.4426;16;84.60236713741;0.095;42.18550011015;0.0754;195926997771340160;2.0817;0.0979;-3.904;0.115;-1.586;0.068;1.017;17.222107;0.003295;18.24465;0.019894;16.144524;0.006047;2.100126;;;1.418;600.919;55.122;202.383;1.0;0.5457673931897619;0.0019140537908939616;0.0;0.042513824637172355
151;-0.0914;0.0827;0.123;17;83.13000757087;0.0206;43.26618713577;0.0161;195564639973819392;2.0203;0.0223;-4.062;0.025;-1.534;0.019;1.111;11.499865;0.002766;11.791905;0.002853;11.042396;0.002819;0.74951;;;1.196;4457.727;1818.075;2679.387;1.0;1.3483575379013955;0.022398040585324224;1.2756411910664918;0.027445704632164735
152;-0.1213;0.0909;0.1103;16;83.11730297096;0.0169;43.27371919925;0.013;195558833178346880;2.035;0.018;-3.796;0.021;-1.147;0.015;1.126;13.691032;0.002882;14.098804;0.005572;13.10675;0.003897;0.992055;;;1.219;1286.676;225.116;399.009;0.76;0.9910981494788511;0.004128698052819571;0.39086518348150845;0.21743536783903386
153;-0.1302;0.1594;-0.0034;15;83.71861267421;0.0194;43.19726740319;0.017;195522961611053184;2.09;0.0236;-4.132;0.025;-1.564;0.019;1.245;13.886082;0.002886;14.311493;0.004257;13.257544;0.003581;1.053949;;;1.241;1262.61;337.682;483.587;1.0;0.9516855921109182;0.004875919319991768;0.5287016502926732;0.11728966712910058
154;-0.1751;0.095;0.2047;17;84.0685358149;0.016;41.2481250826;0.0139;191362821927723776;2.0141;0.0199;-3.397;0.02;-2.041;0.016;0.978;11.289044;0.0028;11.454237;0.00288;11.005651;0.002824;0.448586;-6.36;2.34;1.169;2188.785;1520.699;2481.263;0.89;1.590485880071725;0.010326047143105319;0.9035189827635279;0.060884456028637735
155;-0.0355;0.1864;0.1098;17;82.26391454697;0.1166;43.10622932355;0.0844;195474750600025856;1.8433;0.1439;-3.823;0.188;-1.632;0.127;1.103;17.828228;0.003113;19.068541;0.025147;16.743162;0.006688;2.325378;;;1.375;749.557;43.444;178.644;0.99;0.480720921954994;0.0018598887177070072;0.0;0.029512941964150097
156;0.0896;0.0328;0.1973;15;84.1968045759;0.222;41.30728103494;0.1814;191385907376625280;1.7833;0.2487;-4.167;0.254;-1.571;0.21;0.993;18.882723;0.00418;20.314617;0.091828;17.670506;0.014281;2.644112;;;1.48;345.475;11.829;77.521;0.98;0.3584719186605032;0.018842072141755376;0.0;0.0976158228275389
157;-0.184;0.0949;0.0282;18;81.8224074252;0.0132;42.81090973827;0.0085;195446128937415680;2.0336;0.015;-3.948;0.019;-1.564;0.014;0.964;12.55535;0.002766;12.835026;0.002907;12.117093;0.002885;0.717933;;;1.191;4483.542;1331.847;1482.286;1.0;1.2374923921915602;0.0006740677116145001;0.0;0.031513086824126575
158;-0.0031;0.075;0.1284;17;84.44509137323;0.1034;41.51164183778;0.0882;191394909628548224;1.971;0.1115;-4.241;0.132;-1.659;0.101;0.943;17.773781;0.003107;19.130388;0.02583;16.663607;0.005616;2.466782;;;1.378;756.46;42.281;222.752;1.0;0.450518745839345;0.013221255780425739;0.3280087740872027;0.038491121888695884
159;-0.0887;0.1651;0.0922;16;84.12364158557;0.0508;41.24246042698;0.0414;191362890644144128;1.9131;0.0573;-3.824;0.067;-1.902;0.052;1.102;16.04336;0.00352;16.594179;0.007997;14.815293;0.005372;1.778886;;;1.741;495.757;144.864;236.508;1.0;0.6705643399189593;0.005707551992688576;0.4683035449290831;0.033805468265677305
160;-0.607;0.0284;0.0855;15;83.84688088876;0.0234;41.09946579201;0.0179;191357324369704448;1.9492;0.0233;-4.037;0.038;-1.793;0.026;0.921;14.53757;0.002821;15.019068;0.003667;13.89381;0.003354;1.125257;;;1.227;1792.883;456.376;583.127;1.0;0.8518150017537817;0.0005926118510710003;0.0;0.0
161;-0.2333;0.1995;-0.0195;16;81.8270639948;0.0461;42.8943190334;0.0303;195634351583880192;1.9975;0.0527;-3.691;0.064;-1.614;0.047;0.988;16.271839;0.003227;17.096418;0.006793;15.390744;0.005332;1.705674;;;1.287;646.418;175.289;238.98;1.0;0.6452200164650093;0.0006040108676394068;0.0;0.0
162;-0.0249;-0.0228;0.1667;16;82.92097542134;0.0143;43.36132635014;0.012;195574153322529280;1.9873;0.016;-4.034;0.018;-1.626;0.015;1.03;12.095982;0.002766;12.364303;0.002939;11.668367;0.002816;0.695935;-23.95;7.56;1.191;4393.079;1174.079;2832.927;1.0;1.3296162823229438;0.011362185380496347;0.8094064792026232;0.06444517185233638
163;0.008;0.1559;0.1255;18;82.20706240935;0.013;43.16826797072;0.0091;195662359069269760;2.0337;0.0165;-3.905;0.019;-1.479;0.014;0.902;13.52836;0.002831;13.903131;0.003602;12.982692;0.003253;0.92044;;;1.209;1665.293;476.624;649.52;1.0;1.025894820279349;0.0006629513762566199;0.0;0.060646487267006444
164;-0.2322;-0.0264;0.3575;17;82.45030558031;0.0288;43.27077663178;0.0214;195669505894787072;1.8583;0.0359;-3.591;0.041;-1.507;0.03;1.044;15.316149;0.00283;15.914438;0.004121;14.573434;0.003298;1.341004;;;1.252;1676.211;357.939;617.675;0.65;0.7451238397172137;0.00048551706126120843;0.0;0.0
165;0.0064;0.1192;0.207;17;83.61614125552;0.0135;40.98575533189;0.0115;194264531894231424;1.992;0.016;-3.702;0.019;-1.667;0.014;1.058;12.43594;0.002769;12.72999;0.002902;11.980502;0.002826;0.749488;-12.37;12.72;1.193;3978.274;1361.983;2415.685;1.0;1.2512577227402508;0.008897321321362069;0.6891274347288068;0.12270778818897643
166;0.2388;0.1626;0.4853;18;84.57768677751;0.187;42.78230688001;0.1552;196003169017932160;1.9333;0.2236;-3.83;0.23;-1.509;0.143;1.038;18.79137;0.00349;20.289864;0.065218;17.589973;0.014344;2.69989;;;1.455;506.953;16.663;77.165;0.99;0.3519675763626179;0.022155387938349116;0.0;0.10843660340237628
167;-0.1513;0.0499;0.192;16;84.30472474797;0.1588;41.27749410427;0.1212;191374091918715904;2.1592;0.1747;-4.031;0.198;-1.562;0.156;1.108;18.185535;0.004038;18.958088;0.096497;16.825014;0.023664;2.133074;;;1.83;367.81;11.256;46.203;1.0;0.46919141625608496;0.002882579730801266;0.0;0.0
168;-0.1536;0.1364;-0.0749;16;83.18597537872;0.0727;43.3956001865;0.0587;195568453904714624;2.1364;0.0758;-3.985;0.094;-1.35;0.075;1.025;17.108656;0.003003;18.192204;0.010682;16.093908;0.005742;2.098295;;;1.339;909.986;105.302;216.339;0.98;0.5509493596146525;0.0060140722842154685;0.0;0.12154377340155785
169;-0.0617;0.0517;0.2094;17;83.12378325484;0.0499;40.9052481074;0.0396;194271751738201856;2.0078;0.0575;-3.518;0.067;-2.02;0.047;1.209;16.189512;0.003193;17.042456;0.009576;15.290797;0.004854;1.751658;;;1.294;672.999;118.526;273.355;0.95;0.6513677522532707;0.001982517018887487;0.0;0.12613155828282985
170;-0.1173;0.1189;0.2663;16;82.54137344406;0.0396;40.95562845221;0.0345;194308104337864832;2.1095;0.0462;-4.017;0.046;-1.557;0.038;0.996;15.725325;0.003353;16.105837;0.041489;14.450296;0.036738;1.65554;;;1.873;568.024;26.228;29.639;1.0;0.706430310230383;0.006082042244300075;0.5222683143368125;0.033627628200979254
171;-0.3377;0.1858;0.032;16;81.76845188386;0.0803;42.97891610277;0.0519;195638680911013504;1.9071;0.0858;-4.068;0.112;-1.651;0.083;1.068;17.21258;0.002934;18.26627;0.010331;16.212212;0.00458;2.054058;;;1.332;1078.247;109.157;298.981;1.0;0.5421836720444778;0.0007942342573009717;0.0;0.0
172;0.0037;0.2163;0.231;17;84.5364008468;0.093;41.35494253375;0.0769;191378554392744960;1.9081;0.1044;-3.941;0.118;-1.743;0.081;1.044;17.431505;0.00307;18.56847;0.024546;16.356085;0.007085;2.212385;;;1.388;801.94;44.52;166.725;1.0;0.518110430756671;0.005052898748873907;0.0;0.1122810810296311
173;-0.1954;0.0347;0.3538;17;82.56725595124;0.024;43.40805877303;0.0176;195672735710141952;1.9588;0.0296;-3.682;0.031;-1.493;0.024;1.063;14.714029;0.002848;15.231235;0.004139;14.03628;0.00368;1.194955;;;1.236;1509.316;355.119;452.537;0.99;0.8257699561529864;0.000554191399972027;0.0;0.0
174;-0.1744;0.0972;0.2075;18;81.37572645115;0.0177;42.37469154809;0.0119;195055806607732864;1.9832;0.0217;-3.358;0.026;-1.833;0.02;1.044;14.516861;0.0028;15.010472;0.003446;13.859118;0.003013;1.151354;;;1.232;2177.189;536.725;954.465;0.97;0.8549142132175107;0.0005402337554088373;0.0;0.026567713402328403
175;-0.0663;0.1663;0.2987;17;84.80766694708;0.0759;42.63980745892;0.0618;195991147404643072;2.0526;0.0823;-3.946;0.096;-1.521;0.055;1.085;17.266731;0.002913;18.561916;0.014281;16.147875;0.004398;2.414042;;;1.4;1149.162;77.523;319.393;1.0;0.47945402217153615;0.011075712770056735;0.43867446794938286;0.018760419568890966
176;-0.1504;0.0438;0.3606;16;84.81280508079;0.0664;41.67178257427;0.0506;192884992696899072;2.0841;0.0708;-3.882;0.093;-1.554;0.046;1.01;16.74502;0.00292;17.729448;0.011879;15.771621;0.00479;1.957828;;;1.325;1123.277;94.027;278.841;1.0;0.597480247523452;0.002465475533943864;0.0;0.10255504122074706
177;-0.4759;0.011;0.1217;15;81.99752051311;0.1112;41.10119038037;0.0804;194127539617566592;1.9893;0.0887;-4.048;0.136;-1.65;0.095;0.999;17.186132;0.003062;18.512316;0.021235;16.083086;0.005173;2.42923;;;1.376;813.526;51.578;249.226;1.0;0.4851605571747597;0.010238107130786883;0.4460361967187211;0.01690049339029711
178;0.0629;0.1246;0.3447;18;84.69591427093;0.0115;41.45364087217;0.0095;192881075686838144;2.0158;0.013;-3.917;0.016;-1.52;0.009;0.971;12.413785;0.002767;12.704085;0.002844;11.964047;0.002823;0.740038;-12.82;2.58;1.192;4189.415;1968.672;2512.262;1.0;1.2582188975024162;0.008891470265185112;0.6633668366108355;0.16886553069206786
179;0.0163;0.2443;0.3571;17;84.60540655563;0.0244;41.32689079002;0.0191;191377596615030272;2.0769;0.0287;-3.819;0.032;-1.535;0.02;0.884;15.019095;0.002825;15.601795;0.004336;14.297315;0.003433;1.304481;;;1.242;1735.207;327.077;542.821;1.0;0.7821291171289495;0.0007334569921830667;0.0;0.07408854688195525
180;-0.1436;0.2248;0.1185;17;81.28018816962;0.0557;42.24850191851;0.0373;195041959633237760;1.9917;0.0658;-3.918;0.075;-1.814;0.055;0.989;16.899542;0.002939;17.944746;0.01423;15.886189;0.00471;2.058557;;;1.347;1061.057;77.808;286.125;1.0;0.5707023053308639;0.00501432187927566;0.2940612750460608;0.05604862221204631
181;-0.092;0.0306;0.2034;17;83.2747266503;0.119;40.78034966098;0.0974;194257866105962880;1.9937;0.137;-3.833;0.153;-1.79;0.117;1.004;17.88612;0.003239;19.144115;0.033233;16.780449;0.006835;2.363667;;;1.393;637.918;32.786;174.013;1.0;0.474183452249482;0.004881906723779425;0.0;0.07367879353793974
182;0.0771;0.1676;0.2716;17;84.56782337395;0.0588;41.28124811403;0.0467;191376840701263616;2.0641;0.0666;-4.272;0.078;-1.36;0.049;5.43;13.131686;0.002844;13.553515;0.004082;12.525258;0.003383;1.028257;;;1.228;1538.569;364.441;567.458;0.97;0.9984873168990446;0.022403277905164463;0.9135442094498544;0.03395692009156657
183;-0.2045;0.2089;0.0112;17;81.6308416712;0.0975;43.00378443913;0.0628;195645793376900224;2.1844;0.1091;-4.182;0.143;-1.578;0.098;1.006;17.692503;0.002952;19.05604;0.034524;16.560595;0.008336;2.495445;;;1.4;1025.688;31.552;138.211;0.99;0.44308195861442984;0.012534414607977835;0.38101127837197624;0.024190980766692374
184;-0.0914;0.1451;0.2988;17;81.40479147937;0.0192;42.72259599793;0.0116;195254268457615616;1.956;0.0237;-3.838;0.025;-1.331;0.018;0.951;14.266915;0.002807;14.710567;0.003478;13.659292;0.003436;1.051275;;;1.219;2034.844;522.782;541.262;0.97;0.8938111409871161;0.0006037814029676775;0.0;0.0
185;-0.0696;0.1184;0.2804;17;81.40496085873;0.0123;42.72491561531;0.0075;195254268457615488;1.962;0.0153;-3.776;0.016;-1.604;0.012;0.922;12.510716;0.002764;12.784342;0.002935;12.080406;0.002854;0.703936;;;1.189;4896.564;1192.379;1810.945;1.0;1.2482932287893893;0.0007443645795540276;0.0;0.0
186;0.067;0.2313;0.4655;17;84.85619762828;0.0548;41.5818273412;0.0433;192883480868429824;2.0708;0.0673;-4.02;0.08;-1.643;0.041;0.91;16.722267;0.002977;17.707182;0.009618;15.750129;0.005502;1.957053;;;1.323;964.222;117.956;228.972;1.0;0.5985304695963365;0.0031735187760760395;0.0;0.12698864001170604
187;-0.229;0.103;0.0691;17;84.04741438618;0.014;43.410375341;0.0119;195531963862334720;2.0457;0.0155;-4.173;0.02;-1.667;0.015;0.996;13.718763;0.002915;14.153177;0.004596;13.115587;0.003504;1.03759;;;1.22;1139.935;297.281;512.315;1.0;0.9749680180810035;0.006755890197650985;0.607919956452598;0.049664677538395395
188;-0.1971;0.0435;-0.0995;15;83.31278886967;0.101;43.58464067095;0.0806;195584564323478400;1.9228;0.1157;-3.483;0.155;-1.655;0.115;0.952;17.723467;0.003336;18.905725;0.025954;16.652613;0.007114;2.253113;;;1.373;577.497;42.077;165.915;0.99;0.4914791509347525;0.0008421791761371343;0.0;0.0
189;-0.3811;0.0717;0.1482;14;82.41687881799;0.1393;40.82087257732;0.1123;193930452161420544;2.0937;0.1301;-4.233;0.161;-1.212;0.131;0.977;17.70801;0.003145;18.970211;0.043589;16.60972;0.00851;2.360491;;;1.384;715.776;24.96;135.051;0.98;0.4767297077865201;0.010723714866712818;0.23432308935873544;0.09634889547570769
190;-0.0267;0.1681;0.4056;18;84.78626541622;0.0138;41.39204709552;0.0112;192833487449196928;1.9597;0.0161;-3.77;0.018;-1.786;0.011;0.996;13.828081;0.002932;14.244355;0.004378;13.243597;0.003787;1.000758;;;1.215;1081.6;321.777;423.907;1.0;0.9698901304979896;0.0011434597559802028;0.0;0.1420637369696086
191;-0.1086;-0.0234;0.109;17;83.80829738751;0.2158;40.74687393369;0.1736;191244001655293824;1.9996;0.2326;-3.63;0.328;-1.811;0.241;1.008;18.904079;0.003907;20.332373;0.091597;17.688444;0.018836;2.643929;;;1.484;391.886;11.859;58.285;0.98;0.3562258587214621;0.018294012835677276;0.0;0.09649791468568666
192;0.1107;0.1608;0.446;17;85.17991650838;0.0198;42.34035297578;0.0146;195942803253123968;2.0536;0.0219;-4.133;0.024;-1.583;0.013;1.127;9.464539;0.002764;9.514721;0.002815;9.338616;0.002806;0.176105;;;1.165;4845.301;2897.79;3620.669;1.0;2.5975275992411535;0.029251852046108306;1.6135984146385443;0.0652144355936799
193;-0.0124;0.3987;0.2424;13;82.95745357351;0.0344;43.67600478007;0.0275;195772894348124544;1.9795;0.0433;-3.867;0.044;-1.522;0.032;1.026;15.277128;0.002819;15.894637;0.004044;14.532403;0.003221;1.362234;;;1.246;1823.553;370.979;674.462;1.0;0.7485338289219436;0.0005080481570427132;0.0;0.015620773401943781
194;-0.1361;0.2667;0.2261;17;82.97920396779;0.0261;40.62726830332;0.0216;194232371179651200;1.9;0.0329;-3.461;0.033;-1.843;0.024;1.06;15.081463;0.002852;15.698138;0.004537;14.329803;0.003375;1.368335;;;1.252;1475.102;303.475;571.93;0.93;0.7670410854861756;0.0034843749632395876;0.4015772910795895;0.1103329638539057
195;-0.0968;0.2764;0.0996;17;83.1661972466;0.0241;43.71782549324;0.0219;195776295962108416;2.0638;0.0309;-4.315;0.032;-1.223;0.025;0.97;9.043164;0.002799;9.043856;0.002929;9.005814;0.002874;0.038042;;;1.16;2215.77;1220.385;1580.192;0.77;2.940394593344975;0.14684232157656296;1.5852891848143085;0.44284968005043
196;-0.1384;0.0832;0.2342;18;82.39422494899;0.0346;43.62587563648;0.0261;195692664357841408;1.8751;0.0426;-3.888;0.048;-1.655;0.039;1.081;15.907745;0.002862;16.636984;0.006774;15.073226;0.003963;1.563758;;;1.278;1402.545;175.889;385.816;0.99;0.6818458066681172;0.0005753504673515803;0.0;0.0
197;-0.486;0.0249;0.2208;15;84.29532088797;0.0133;40.84718732884;0.0118;191294720926369024;1.9972;0.0165;-4.172;0.02;-1.694;0.015;1.075;12.313134;0.002768;12.598384;0.002971;11.855785;0.002941;0.742599;;;1.199;4035.389;1062.653;1168.477;1.0;1.270703321646836;0.012051217916976052;0.79716820626125;0.06405948999693745
198;0.0105;-0.1064;0.4594;17;84.3484598865;0.0468;43.46543737838;0.0414;196282311827390080;1.9789;0.0584;-3.951;0.066;-1.359;0.04;1.319;15.953865;0.002888;16.969995;0.007189;14.921023;0.004578;2.048972;;;1.374;1252.805;163.881;299.111;0.97;0.6154998615216494;0.009119289513778803;0.5841986586729255;0.015470445654129507
199;-0.0204;0.0389;0.0258;18;82.57869489591;0.0143;43.6868612886;0.0104;195693763869959808;2.0055;0.0159;-4.052;0.02;-1.572;0.015;0.993;13.70851;0.002797;14.111615;0.003376;13.138316;0.003133;0.973299;;;1.212;2248.129;571.4;762.491;1.0;0.9916416353893576;0.001312828251598924;0.0;0.14749221801597118
200;-0.2149;-0.056;0.3493;17;84.06110815449;0.0565;43.60240185018;0.0475;195549418609348480;2.0962;0.0683;-3.586;0.08;-1.428;0.055;0.933;16.825426;0.003088;17.847883;0.009947;15.814258;0.006062;2.033626;;;1.351;778.488;113.715;201.745;0.98;0.5800186412118656;0.004447171661697545;0.304384471791791;0.05903906372744424
201;-0.1596;-0.0931;0.319;16;84.68260121855;0.0248;41.05084798088;0.0183;191318291707112320;2.0633;0.0273;-3.893;0.03;-1.718;0.019;0.95;14.909346;0.002869;15.473147;0.004572;14.197052;0.003706;1.276095;;;1.243;1355.897;299.785;445.252;1.0;0.7974548408359918;0.0010832681680099804;0.0;0.11462085410364735
202;0.0886;0.1021;0.1502;17;81.80349586905;0.1674;43.42484968738;0.1024;195709633773444736;1.703;0.2195;-3.998;0.288;-1.357;0.179;0.944;18.746317;0.003294;20.195826;0.084268;17.570091;0.010369;2.625734;;;1.435;601.47;12.891;108.723;0.95;0.36568848998571696;0.024129013140781645;0.0;0.11537016232064481
203;-0.0025;-0.0216;0.1106;15;84.61410279028;0.2194;40.99624246335;0.1545;191318459209119744;1.7444;0.2078;-3.878;0.238;-1.872;0.16;0.91;18.70336;0.003589;20.08827;0.058733;17.496847;0.011772;2.591423;;;1.481;472.082;18.507;94.938;0.98;0.3755711923850289;0.024380332249670806;0.0;0.11608566529986661
204;-0.3553;0.0769;0.1734;16;84.03193384016;0.1099;40.6904244223;0.0972;191333062096903936;2.0832;0.1211;-3.645;0.164;-1.671;0.134;0.991;17.820322;0.003232;19.014021;0.034465;16.757174;0.007545;2.256847;;;1.362;642.639;31.606;154.88;1.0;0.48145866971052215;0.0009763085014260086;0.0;0.0
205;-0.3735;-0.0257;0.1674;16;82.2516197163;0.0182;40.65641029767;0.0151;193927742036925824;2.0986;0.0209;-4.307;0.027;-1.834;0.019;1.113;11.669459;0.00278;11.948568;0.002899;11.228397;0.002869;0.720171;-5.19;6.83;1.193;2953.123;1378.057;1622.671;0.8;1.3108831798968807;0.02631698331531628;1.2234892238205557;0.035467442138481374
206;-0.0942;-0.0137;0.463;17;85.22501687292;0.1058;42.79584023062;0.0867;196015577178861568;2.1055;0.122;-3.728;0.138;-1.248;0.078;0.968;17.882914;0.003037;19.205206;0.023724;16.76609;0.006328;2.439116;;;1.392;850.357;46.084;191.159;0.93;0.4522043499301759;0.012271802819684286;0.2690392010901503;0.052588205577587005
207;0.0232;0.2113;0.2176;17;83.67704195696;0.12;40.53565425904;0.1024;191235308641036032;1.9604;0.1428;-3.951;0.154;-1.832;0.115;1.016;18.087288;0.003274;19.390987;0.043403;16.954283;0.012001;2.436705;;;1.413;614.191;25.067;93.021;1.0;0.4513262096540071;0.00986880324141685;0.0;0.10408710263250671
208;-0.0437;-0.1097;0.2904;17;84.78923542699;0.0158;40.97445839809;0.0122;191311007442577024;2.0798;0.0173;-3.956;0.02;-1.947;0.011;0.971;13.76325;0.002828;14.182998;0.003633;13.176339;0.003188;1.006659;;;1.215;1708.444;466.6;703.576;0.98;0.9776739370002718;0.003909255396866255;0.32425800106519825;0.2437650017099756
209;-0.0074;-0.0666;0.3647;18;84.93001489771;0.1126;41.08057518492;0.0911;191313064730519040;2.1827;0.1248;-3.817;0.148;-1.712;0.082;1.001;17.954815;0.003028;19.387068;0.047118;16.80266;0.007441;2.584408;;;1.41;865.27;23.083;157.385;0.99;0.41469285178783666;0.014030927357156659;0.35057431410126894;0.026049857331416217
210;-0.2174;-0.0291;0.4441;17;84.36705304148;0.25;43.6209311483;0.2043;197039080767379072;2.0946;0.2634;-3.661;0.296;-1.268;0.183;1.05;18.996616;0.003664;20.718159;0.112593;17.770033;0.012916;2.948126;;;1.451;449.673;9.646;86.095;0.94;0.32214819422119667;0.010466887728785668;0.0;0.05493055696490482
211;-0.0416;-0.0056;0.3171;15;80.94214692218;0.0207;41.56951512593;0.0136;194950425290993792;1.9329;0.0268;-4.153;0.03;-1.909;0.022;1.589;12.609321;0.002804;12.918179;0.003305;12.135783;0.003059;0.782395;-10.86;3.21;1.197;2096.224;612.648;866.193;0.99;1.2096181152273686;0.008574135927932153;0.668665937319145;0.12512550355704566
212;-0.0187;0.137;0.2976;18;85.50224166496;0.0187;42.3442186989;0.0146;192944057086751488;1.9138;0.02;-3.5;0.023;-1.508;0.013;1.016;14.445553;0.002853;14.93639;0.004094;13.788684;0.004139;1.147706;;;1.232;1466.279;362.461;355.08;0.9;0.8653632354042077;0.0008831945170114222;0.0;0.10218254160103026
213;-0.2337;-0.1617;0.3046;16;81.94652287927;0.025;43.69182076271;0.0152;195726199462570752;2.0558;0.0306;-3.845;0.037;-1.578;0.026;0.987;15.002223;0.002768;15.719874;0.003463;14.181298;0.003074;1.538576;;;1.271;4170.491;529.401;841.841;1.0;0.7233005853322416;0.014824899858511494;0.6603861063674391;0.024639738334099593
214;-0.1462;0.0271;0.1919;17;84.1148423812;0.0131;40.53218648934;0.0112;191284236908146176;1.9411;0.0155;-3.749;0.018;-1.766;0.014;0.978;13.54057;0.00279;13.925954;0.003102;12.985739;0.002972;0.940215;;;1.21;2460.072;801.195;1061.927;1.0;1.0227882386055216;0.0014981958129271463;0.0;0.193858870379696
215;-0.1669;-0.1819;0.4672;16;84.43751832657;0.1826;43.66209402797;0.1484;197039630525678208;1.8197;0.2255;-3.353;0.233;-1.705;0.133;1.004;18.659224;0.003406;20.139616;0.062771;17.456049;0.014284;2.683567;;;1.46;542.281;17.314;77.504;0.95;0.35089853692649975;0.021907420138212137;0.22603280643990267;0.07957905609808148
216;-0.0797;-0.0119;0.2766;17;81.98478618405;0.0429;43.73860487568;0.0264;195752725180564224;2.0662;0.053;-3.889;0.057;-1.415;0.043;0.966;16.140303;0.003007;16.961796;0.006457;15.253227;0.004257;1.708569;;;1.293;900.751;186.453;337.633;1.0;0.6578671907092145;0.0006846778519031543;0.0;0.035900852245008955
217;-0.1691;0.133;0.3207;16;84.61613351906;0.1147;40.74516708997;0.095;191302103972786816;1.8252;0.1401;-3.696;0.142;-1.905;0.099;1.072;17.68457;0.003152;18.863781;0.041665;16.591871;0.008571;2.27191;;;1.396;709.641;26.117;133.977;0.99;0.4958613242799404;0.0021432285661583095;0.0;0.04090064917348236
218;-0.0631;0.1147;0.3854;17;84.64341512947;0.1519;40.72703412849;0.1244;191301833389813888;1.8901;0.1904;-3.578;0.182;-1.955;0.126;0.952;18.276447;0.003394;19.632683;0.059228;17.105085;0.011237;2.527597;;;1.446;547.704;18.352;99.745;0.98;0.41282394129137495;0.021054672374460716;0.0;0.11924284004381694
219;-0.1618;0.076;0.2138;18;80.64246409788;0.0684;42.6623137979;0.0425;195286223013841408;1.9354;0.0764;-3.712;0.087;-1.652;0.069;1.008;17.057606;0.002899;18.077971;0.006849;16.065372;0.00623;2.012598;;;1.333;1206.498;173.568;194.912;1.0;0.5640826455546099;0.0007340558490928037;0.0;0.0
220;0.0738;-0.0001;0.1414;17;83.80738555152;0.0182;40.31140446077;0.0151;191182089704705792;2.0096;0.021;-3.777;0.023;-1.696;0.017;0.999;14.23149;0.002993;14.688303;0.004776;13.609162;0.004259;1.079141;;;1.223;928.101;280.104;337.48;1.0;0.8995539485735496;0.0006314753740171736;0.0;0.02143913824919398
221;-0.1756;-0.2127;0.1817;15;81.72239270504;0.1864;43.76552961978;0.1149;207739356130597248;2.0545;0.2125;-3.774;0.264;-1.271;0.177;1.016;18.744463;0.003329;20.348759;0.066546;17.525782;0.012173;2.822977;;;1.459;580.921;16.33;91.632;0.96;0.3368001580249792;0.01455620863310862;0.241004532529164;0.034855590846304386
222;-0.2521;-0.0966;0.3993;15;83.53810462313;0.1086;44.05649988524;0.0925;195807288445960192;1.9989;0.1434;-4.15;0.149;-1.577;0.121;7.383;12.796199;0.002816;13.191537;0.003481;12.220699;0.003082;0.970838;-12.34;4.28;1.219;1867.97;521.814;828.663;1.0;1.0582783534016487;0.021777734651252843;0.9789413288716443;0.030083440354512585
223;-0.2559;0.1255;0.1042;17;82.51833352911;0.1634;40.2844646804;0.1308;193852455554567680;2.0838;0.1828;-3.732;0.247;-1.663;0.164;1.015;18.579048;0.003507;19.936075;0.060511;17.352177;0.009301;2.583899;;;1.511;500.418;17.962;122.373;1.0;0.38325826562664916;0.025525812656097612;0.0;0.12570284291634976
224;-0.0135;0.0853;0.0924;18;82.28482371772;0.1063;43.98782828707;0.0674;195756947132792832;1.9798;0.1229;-4.244;0.141;-1.456;0.107;1.137;17.681505;0.00313;19.153078;0.028375;16.437601;0.00506;2.715477;;;1.511;730.938;38.451;257.175;0.99;0.4396809991659414;0.01146193930804972;0.3929014011233246;0.01999919741524684
225;-0.0595;0.1854;0.1368;18;81.00272781542;0.0132;43.29613947374;0.0095;207351542062836480;1.8999;0.0164;-4.239;0.019;-1.786;0.015;1.013;10.478949;0.002761;10.773552;0.002854;10.016698;0.002814;0.756854;;;1.197;5937.973;1812.825;2998.318;0.99;1.6681835680444137;0.01922574705803755;1.6146375299896412;0.02027575749250845
226;0.0274;0.1164;0.4752;18;85.14125363346;0.0153;40.92894793492;0.012;191120104735461120;1.9659;0.0181;-3.71;0.02;-1.446;0.011;1.194;12.25423;0.002762;12.552329;0.002824;11.79221;0.00281;0.760119;-14.96;6.63;1.195;5458.544;2479.336;3277.022;0.99;1.2636980474136998;0.014834251899573585;0.8972517326517326;0.04975474326055503
227;-0.0597;0.1228;0.4182;18;85.39420738548;0.1083;41.19353185495;0.0861;192630623257597696;1.756;0.1265;-3.514;0.144;-1.784;0.077;1.047;17.91341;0.003073;19.233011;0.025693;16.780193;0.005994;2.452818;;;1.41;797.876;42.509;204.656;0.94;0.4465722459616551;0.013151020937659812;0.2805090227105417;0.04964527714018058
228;-0.1939;0.4538;0.0569;16;82.56498214064;0.0871;44.05517382261;0.0594;195761246398010752;1.9645;0.1217;-4.349;0.136;-1.199;0.092;1.058;17.496181;0.003001;18.751932;0.02192;16.353289;0.005024;2.398643;;;1.434;913.613;49.937;259.868;0.96;0.47135913042634164;0.012349454754510625;0.39076753386204316;0.028926816456043287
229;0.1592;-0.0322;0.1239;18;80.85183773847;0.0611;43.20660246432;0.0399;207344975053178112;1.9511;0.0734;-4.224;0.093;-1.607;0.066;1.027;16.926273;0.003053;17.934277;0.011336;15.929032;0.004432;2.005244;;;1.341;825.893;98.821;315.248;0.99;0.5800350077164765;0.0014556632635855653;0.0;0.04226170696442206
230;0.0032;0.1229;0.3962;14;83.55789917427;0.2078;44.1222674001;0.1825;195820890604287488;1.8494;0.2578;-3.896;0.245;-2.109;0.208;1.036;18.661343;0.003708;19.70966;0.05765;17.634829;0.016697;2.074831;;;1.36;437.558;18.855;65.953;0.97;0.39763737493668827;0.007283687114512838;0.0;0.020186100602172893
231;0.1108;0.2719;0.4264;15;83.63571708381;0.0174;40.14621053642;0.0155;191156006366019328;2.1101;0.0248;-3.638;0.021;-1.628;0.017;1.096;11.972113;0.002768;12.215172;0.002826;11.578694;0.002829;0.636477;-8.95;4.33;1.185;4163.921;2412.838;2323.716;1.0;1.3831233158816312;0.007599615017383952;0.5453383373463982;0.29218235213582583
232;-0.1051;0.2447;0.2337;15;85.06493625484;0.0439;43.64149412701;0.034;196299075084302336;1.9708;0.0471;-3.777;0.051;-1.306;0.029;1.044;16.092005;0.002968;16.902571;0.006967;15.200006;0.004281;1.702565;;;1.301;983.438;170.088;334.464;0.97;0.6624016658868207;0.0014626211061762831;0.0;0.10491520727475101
233;-0.1807;-0.1408;0.3345;17;80.58846203637;0.1065;43.01167880014;0.0727;207318178756926720;2.141;0.136;-4.159;0.172;-1.72;0.136;1.027;18.050142;0.003191;19.387907;0.035838;16.91258;0.006446;2.475327;;;1.412;674.805;30.388;186.84;0.99;0.43517479883977467;0.015028661272075979;0.24103880922663604;0.08371627058722737
234;-0.1232;0.075;0.1407;17;84.42679969673;0.0583;40.330039321;0.0497;191263006888303360;2.0661;0.0663;-3.95;0.084;-1.823;0.063;1.075;16.638172;0.002914;17.589397;0.013768;15.651905;0.004627;1.937492;;;1.346;1144.017;80.531;294.155;1.0;0.6066615794957478;0.0035089758912288846;0.0;0.1409277583089296
235;-0.1329;-0.0419;0.4064;17;85.10987766261;0.0701;40.70953706743;0.0515;191113576385286912;2.1323;0.0763;-3.822;0.082;-1.773;0.046;0.966;17.006502;0.003075;18.058361;0.011449;15.988299;0.004865;2.070062;;;1.35;795.201;97.779;272.422;0.99;0.5629538404431884;0.0059680581286997835;0.0;0.12840592734584896
236;-0.0036;0.1309;0.2176;17;84.11725045151;0.0173;40.2223305159;0.0144;191170781053141248;2.0688;0.0202;-4.01;0.022;-1.803;0.017;1.013;14.207657;0.002813;14.671687;0.003535;13.583426;0.003557;1.088262;;;1.221;1917.974;500.223;492.223;1.0;0.9029066674560535;0.0010862818538344063;0.0;0.11929134654056084
237;-0.1634;0.0021;0.3049;16;80.3405904972;0.0153;42.16503418582;0.0097;195222863656662784;1.9781;0.0168;-3.831;0.019;-1.72;0.014;1.028;13.742167;0.003038;14.21124;0.004849;13.110192;0.00458;1.101048;;;1.224;848.845;273.791;298.91;1.0;0.9377085180639249;0.016305496157452408;0.7304359020255075;0.037101460619919646
238;-0.1369;0.0643;0.017;16;84.54519744091;0.1475;40.37545685383;0.1226;191077288204587648;1.8387;0.1584;-3.883;0.225;-1.162;0.152;1.351;17.763884;0.003457;18.649149;0.088775;16.442236;0.036835;2.206913;;;1.743;519.846;12.236;29.56;0.89;0.5041858147297886;0.0017931315126532392;0.0;0.0
239;-0.1036;0.0475;0.1651;16;83.80618673281;0.0361;40.14316163031;0.0294;191175801872638208;1.9108;0.0413;-3.91;0.042;-1.942;0.032;0.964;15.835122;0.002827;16.564461;0.005355;15.005266;0.003712;1.559195;;;1.274;1718.127;237.518;443.414;0.99;0.6885619821788644;0.0004272886030470501;0.0;0.014106735979665908
240;0.1747;0.2452;0.4898;16;85.38290394546;0.0291;43.44373054699;0.0234;196238361426098688;2.0197;0.0355;-4.039;0.035;-1.486;0.022;1.039;15.241764;0.002809;15.895374;0.004212;14.460645;0.003358;1.43473;;;1.262;1982.954;344.094;581.101;1.0;0.744496928153992;0.003374100354903952;0.4262470744466345;0.08005524755298576
241;-0.3876;-0.0158;0.2486;16;84.75674667847;0.1467;40.41287326409;0.1129;191081106432715520;1.8113;0.1553;-3.436;0.21;-1.743;0.122;1.008;18.215212;0.003306;19.655109;0.034215;17.07181;0.009917;2.5833;;;1.399;594.307;31.839;114.095;0.97;0.4001470657371746;0.017308151161439495;0.28422142311678017;0.04267498359008509
242;-0.0605;0.0186;0.2742;17;80.62040625119;0.0185;43.22432495302;0.012;207359101204908544;2.0264;0.0221;-4.074;0.023;-1.624;0.019;1.038;14.192272;0.00285;14.631047;0.004143;13.594278;0.003299;1.036769;;;1.214;1487.142;354.506;617.072;1.0;0.9060139795072024;0.0006283572365191598;0.0;0.02020348275909498
243;0.0628;0.0719;0.4197;17;85.97135772626;0.1969;41.76557895919;0.1604;192759437915132416;2.2076;0.2311;-3.327;0.223;-2.071;0.154;1.107;18.682705;0.003534;20.014677;0.05419;17.53821;0.012102;2.476467;;;1.42;490.523;20.062;92.198;0.53;0.39122969428923815;0.004004042348374774;0.0;0.02484344376559974
244;0.0648;0.2118;0.0052;18;81.1389457895;0.0256;43.73569398457;0.0177;207376040555556864;1.9257;0.0321;-3.79;0.039;-1.457;0.03;0.998;15.286366;0.002962;15.887098;0.004631;14.541169;0.003816;1.345929;;;1.253;998.221;293.725;416.964;1.0;0.7482340013615624;0.0005463066738826813;0.0;0.015620773401943781
245;0.1381;0.1149;0.5943;16;85.24320672525;0.041;40.65249540803;0.0363;191101790995011072;1.9988;0.051;-3.584;0.048;-1.569;0.032;1.086;15.703627;0.002792;16.406834;0.006173;14.887979;0.003254;1.518855;;;1.272;2394.905;197.191;648.612;1.0;0.7017620158786435;0.0005550794933716926;0.0;0.014106735979665892
246;-0.0393;0.0243;0.1929;17;81.26103988641;0.0316;43.86401656527;0.0234;207799318174342784;2.0222;0.0407;-4.176;0.049;-1.56;0.039;1.09;15.586268;0.003066;16.274866;0.005494;14.787633;0.005333;1.487233;;;1.263;806.848;229.416;238.882;1.0;0.7144147399135038;0.0005566035834812836;0.0;0.02694675707980592
247;0.0076;0.1883;-0.0306;17;80.15092401996;0.0627;42.57964631571;0.0438;195292991883023488;1.8675;0.0709;-3.593;0.087;-1.523;0.068;0.989;16.915174;0.002871;17.650253;0.015013;15.640856;0.004707;2.009398;;;1.73;1344.502;73.604;286.373;0.98;0.5981092615418617;0.0031173255501285874;0.0;0.10894375242978918
248;-0.0057;0.2188;0.1547;16;82.75988624354;0.0143;39.89305230799;0.0119;190829386989174400;2.1321;0.0166;-4.045;0.019;-1.674;0.014;1.037;13.648411;0.00293;14.076768;0.004477;13.0454;0.003887;1.031368;;;1.222;1091.038;310.127;401.256;0.99;0.9843640111145743;0.00777543266702571;0.6393827228130852;0.04293774839598479
249;-0.2182;0.0689;0.2189;16;83.68236902987;0.2542;39.90526252594;0.2031;191148344146078976;1.6232;0.2717;-3.786;0.31;-1.162;0.242;1.167;18.879354;0.003929;20.374777;0.109658;17.660055;0.020124;2.714722;;;1.477;387.564;9.904;54.479;0.66;0.34497172477184535;0.020763894638118088;0.0;0.10502114974397916
250;-0.0196;0.2282;0.3464;18;86.0943627174;0.0586;42.91100105179;0.0477;196057629200879872;2.1061;0.069;-3.558;0.071;-1.483;0.046;1.013;16.923071;0.002911;17.961119;0.011028;15.920784;0.005054;2.040335;;;1.338;1154.587;101.764;257.683;1.0;0.5739315364247084;0.005448860313248045;0.0;0.13290314668998202
251;-0.4551;-0.0251;0.2514;15;83.66715965717;0.0148;39.87139030817;0.0119;191148004844414464;2.0566;0.0161;-3.921;0.021;-1.886;0.015;1.078;13.136135;0.002825;13.492575;0.00344;12.612098;0.003366;0.880477;-18.27;3.9;1.204;1740.604;539.661;576.573;1.0;1.0966167152822424;0.006121786035361132;0.5280208523214074;0.19899543252719099
252;0.0823;0.1467;0.1253;18;80.59696497466;0.0208;43.55643979394;0.0157;207416481967834368;1.9316;0.0252;-3.905;0.03;-1.573;0.024;1.347;11.149012;0.002788;11.263795;0.002849;10.941236;0.002835;0.322559;;;1.162;2550.974;1877.97;2169.488;1.0;1.6766882840142512;0.000732084224892705;0.0;0.029500263444063916
253;-0.3762;0.1062;0.2702;15;85.90390606417;0.1069;41.05026627517;0.0879;192587128125072128;1.9268;0.1058;-4.092;0.163;-1.607;0.076;1.054;17.29471;0.003103;18.472469;0.022586;16.258566;0.005381;2.213903;;;1.338;760.235;48.442;235.976;1.0;0.518929662331194;0.005271054840700582;0.28143283304705397;0.053208117236027475
254;-0.0732;0.2135;0.0799;17;80.03380306418;0.0428;42.73895057805;0.0277;207307905195065088;2.0176;0.0482;-4.391;0.055;-1.498;0.04;0.893;16.244322;0.003019;17.105331;0.006948;15.329489;0.004191;1.775843;;;1.306;880.099;170.637;347.227;0.98;0.6456033197462684;0.002464508534984546;0.0;0.14365661309850178
255;0.0842;0.0417;0.2478;18;83.02583605284;0.0165;44.52241573194;0.0122;207879612582313600;2.0635;0.0215;-3.982;0.026;-1.406;0.021;0.972;14.311893;0.002844;14.79202;0.003887;13.668311;0.003732;1.123709;;;1.227;1544.222;401.115;438.128;1.0;0.8849074312653251;0.001682604466368612;0.0;0.17701361540875227
256;-0.0436;0.136;0.3781;18;85.39025318328;0.0457;43.86344826752;0.036;196308867610140800;2.0728;0.052;-3.805;0.057;-1.171;0.034;0.991;16.430883;0.002839;17.384481;0.008728;15.473431;0.003533;1.911051;;;1.318;1591.394;131.288;501.097;0.86;0.6177666640301153;0.0037628106724950498;0.36458194891952067;0.042013244137888796
257;-0.2437;0.2117;0.1443;18;80.94756742047;0.192;43.92456701827;0.1376;207439949668901504;1.8464;0.2411;-3.836;0.297;-1.877;0.221;10.119;14.929568;0.003591;15.863043;0.00423;13.901421;0.003262;1.961622;;;1.392;471.55;341.568;642.386;0.99;0.7160461827780609;0.010215806878891967;0.6834997549565464;0.012814359546585186
258;-0.0024;0.2278;0.2579;17;84.43060202075;0.2759;39.96429811972;0.2283;190972976335839360;2.2043;0.3312;-3.79;0.354;-1.834;0.267;1.39;18.750097;0.00515;20.428673;0.071213;17.332968;0.013605;3.095705;;;1.707;249.55;15.258;81.536;0.99;0.33311191454288214;0.01214106907950213;0.27265474825765934;0.02084418781744127
259;0.0368;0.0641;0.0056;18;81.51087923345;0.0112;44.26899572219;0.0084;207826458067232640;1.8866;0.0134;-3.377;0.016;-1.624;0.013;0.913;13.390777;0.002762;13.743027;0.002864;12.872081;0.002834;0.870946;;;1.203;5808.201;1683.502;2188.095;0.77;1.0530377640762036;0.0007455294252806731;0.0;0.0
260;-0.1978;0.3891;-0.0943;15;83.67304546587;0.1722;44.58588145727;0.1421;195880165450521984;1.6512;0.1975;-3.644;0.229;-1.735;0.174;1.137;18.304874;0.003899;19.878021;0.074469;17.038568;0.012147;2.839453;;;1.522;393.477;14.59;91.836;0.94;0.3733816363465479;0.013788651687518617;0.3235515452851246;0.02474653766955364
261;-0.1693;0.1784;0.0987;17;84.67540103628;0.0886;39.96936692608;0.0748;191052755353469568;2.1132;0.1018;-3.796;0.122;-1.823;0.094;1.046;17.625679;0.002992;18.795506;0.031423;16.561155;0.008105;2.23435;;;1.369;930.602;34.689;142.689;1.0;0.5010498889972496;0.0014898088388154386;0.0;0.019522832860298753
262;-0.1839;0.1522;0.0857;17;80.46022887517;0.1215;40.7022168342;0.0781;194817070846895872;1.9346;0.1284;-3.522;0.154;-1.772;0.112;1.065;18.040983;0.003151;19.371359;0.029169;16.942173;0.007043;2.429186;;;1.371;709.821;37.393;167.899;0.99;0.4552564615676906;0.008650053034129667;0.0;0.09853482656218815
263;-0.2587;0.1939;0.1937;16;85.0359908746;0.1694;40.11906857329;0.1395;191014959638117888;1.8415;0.1832;-3.875;0.247;-2.095;0.131;1.01;18.435558;0.003325;19.963783;0.045411;17.268114;0.012271;2.695669;;;1.411;583.207;23.954;90.858;0.97;0.3680423914727495;0.018035602965927638;0.27705735590548725;0.035430269769261453
264;0.003;0.192;0.4816;18;86.11894845964;0.0187;41.02554550713;0.0164;192584649928439040;2.0889;0.0237;-3.981;0.023;-1.8;0.015;0.956;14.285138;0.002806;14.797122;0.003698;13.614503;0.003091;1.182619;;;1.233;2037.818;447.473;816.879;0.99;0.8756349348370666;0.005886208530647687;0.5600899178215997;0.047505833407270076
265;-0.0545;0.0237;0.1472;17;82.28407968523;0.1976;44.61421439715;0.1309;207848998057678336;1.9049;0.2386;-4.106;0.296;-2.259;0.206;1.033;18.862595;0.003379;20.623899;0.070815;17.585649;0.01262;3.03825;;;1.508;555.165;15.344;88.218;0.87;0.3296088988420335;0.010267340758993406;0.226526712717271;0.024614702395484016
266;-0.2434;0.0313;0.1547;16;80.58259907348;0.1602;40.4673510424;0.1139;194037173508632448;1.9995;0.178;-3.566;0.24;-1.41;0.149;1.013;18.411846;0.003394;20.07876;0.114441;17.213463;0.011146;2.865297;;;1.426;547.885;9.49;100.618;0.97;0.3616512344450358;0.015930076042762337;0.2998806411203646;0.027515344430152296
267;-0.1157;0.1885;0.285;18;84.87675889819;0.1708;39.92360638884;0.1443;191006197907838976;2.0786;0.1952;-3.458;0.227;-1.568;0.151;1.126;18.275133;0.003476;19.76189;0.065341;16.992079;0.010842;2.769812;;;1.557;512.402;16.632;103.631;0.99;0.38115083428849234;0.013443839524857113;0.32534832497411664;0.02225643887639027
268;-0.0489;0.0428;0.3324;16;85.19463324829;0.0303;40.04963318591;0.0245;191010286713521280;1.9472;0.0336;-3.57;0.04;-1.865;0.022;0.975;15.341497;0.002787;15.98411;0.003535;14.572269;0.003259;1.41184;;;1.256;2591.973;500.271;644.496;0.99;0.7412239098406688;0.0008652838174984417;0.0;0.09145679271226163
269;-0.0141;-0.0726;0.272;17;85.98748319656;0.0896;40.64215623572;0.075;192541459736894976;2.0084;0.0993;-3.322;0.116;-1.369;0.069;1.095;17.422354;0.00305;18.645;0.032032;16.29188;0.004793;2.353121;;;1.428;830.541;34.025;278.582;0.78;0.486800734853396;0.010867228219708818;0.3788839102673777;0.030411495008127926
270;-0.0733;0.0115;0.1841;16;86.00627872177;0.1517;40.64643153089;0.1183;192541425377159168;2.0135;0.1655;-3.262;0.202;-1.83;0.11;0.936;18.442839;0.003275;19.877304;0.076953;17.221416;0.011155;2.655888;;;1.49;613.462;14.118;100.526;0.94;0.3706765891702512;0.018865032586773377;0.2772687328743011;0.040720043587013824
271;-0.2303;0.2649;-0.108;16;81.85823374275;0.0239;44.61695095562;0.017;207857557928096256;2.0254;0.0271;-4.223;0.034;-1.37;0.026;0.979;15.016577;0.002783;15.590546;0.003614;14.301016;0.003412;1.28953;;;1.241;2768.924;472.796;553.035;0.99;0.7827442576817327;0.0005524221163514379;0.0;0.025847731595299336
272;-0.082;0.0815;0.4111;18;84.9925060386;0.0342;39.92177909436;0.0279;191002731869863168;2.0668;0.0403;-3.855;0.044;-1.9;0.026;2.133;11.085941;0.002775;11.218021;0.00285;10.845488;0.002805;0.372534;;;1.167;3272.62;1867.701;3761.382;0.99;1.6711038341899205;0.009946210425388546;0.9394507324692012;0.05380216066443819
273;-0.2217;0.0584;0.1804;17;83.76295240774;0.0204;39.56109633669;0.0165;191123712509574272;1.9022;0.0217;-3.614;0.027;-1.955;0.019;0.91;14.291056;0.002857;14.73861;0.004078;13.672665;0.003622;1.065946;;;1.224;1437.861;365.107;470.152;0.98;0.89003336273514;0.0006784739306721404;0.0;0.0
274;-0.0672;0.2687;0.2526;16;84.49936076234;0.0229;39.70648799828;0.0197;190955487229075328;1.9205;0.0293;-3.602;0.027;-1.83;0.02;0.922;14.625354;0.00351;15.164733;0.007826;13.921048;0.006567;1.243685;;;1.247;499.399;148.487;182.652;0.99;0.8299952684400148;0.004325779258787297;0.46038331340330735;0.10757022282803437
275;-0.2131;-0.1074;0.541;17;85.46539642285;0.0174;40.15439542901;0.0138;191023588230929408;2.0189;0.0203;-3.626;0.02;-1.867;0.012;0.98;13.90571;0.002791;14.355691;0.003417;13.287149;0.00306;1.068542;;;1.223;2441.653;550.592;864.346;1.0;0.9442285087707493;0.005649986019547289;0.5604254537510996;0.06010368667079725
276;0.0457;0.2844;0.3019;18;86.65570716875;0.1574;41.66574367684;0.1243;192722810436328320;2.1323;0.1839;-3.474;0.2;-1.698;0.118;0.998;18.263672;0.003268;19.869495;0.068187;17.059429;0.010305;2.810066;;;1.441;617.618;15.936;109.449;0.99;0.3769468477190753;0.014043856812712915;0.3219339507267573;0.024545665381131735
277;0.0796;-0.0152;0.2758;17;79.56833011904;0.0174;42.60266627735;0.0119;207221387373991552;1.9973;0.0206;-4.063;0.023;-1.778;0.018;0.968;13.971401;0.002802;14.372886;0.003423;13.400186;0.003521;0.9727;;;1.213;2136.84;547.704;505.6;1.0;0.9447974818138671;0.0007456358048771417;0.0;0.0
